0:19:26,0:20:12,8,19,19,4313653503612334055,0,0
0:20:20,0:21:58,8,15,15,3728697569853483998,0,0
0:18:54,0:20:27,8,17,17,-8988819112016023796,0,2
0:17:16,0:18:26,7,15,15,-754562700184866559,0,1
0:23:48,0:25:59,8,22,22,-1784950198781233116,0,3
0:19:33,0:20:45,7,20,20,6938105777304962064,0,2
0:16:59,0:17:52,8,11,11,-7111012786070639993,0,1
0:19:51,0:20:43,8,15,15,-2251751714898391150,0,3
0:19:07,0:20:01,8,16,16,-5014093050171118228,1,0
0:20:01,0:20:46,8,18,18,-6017940787509685208,0,3
0:28:34,0:30:32,8,15,15,1551358556069634705,0,2
0:17:30,0:18:29,7,21,21,-1246274563275051847,0,0
0:20:33,0:21:18,8,16,16,5199690925833751322,0,0
0:14:33,0:16:50,7,15,15,1128456706768820772,0,2
0:25:40,0:26:38,8,8,8,1301061812318638531,0,1
0:20:35,0:24:07,8,25,25,2666127761053788327,0,0
0:32:23,0:33:38,8,18,18,7337909186639163705,0,0
0:26:29,0:27:49,8,12,12,914978172080475711,1,0
0:17:18,0:19:16,12,21,21,-1500976654488369626,0,1
0:21:49,0:22:41,7,14,14,-5525461912599676622,0,3
0:18:23,0:19:13,8,15,15,-6985251851557883577,0,3
0:20:18,0:21:35,10,13,13,6748784873698010177,0,1
0:32:39,0:33:35,8,20,20,8166197416839075341,0,0
0:26:50,0:27:42,7,16,16,1226569575576189423,0,2
0:22:37,0:23:23,7,25,25,5514993881273359817,0,0
0:18:30,0:19:25,8,15,15,-3372268324785695291,0,0
0:25:05,0:26:03,7,15,15,1862982689539584838,0,1
0:18:45,0:19:33,7,19,19,-8272557061241553609,0,2
0:24:48,0:26:56,9,10,10,3923347886449869339,1,1
0:22:23,0:31:58,8,21,21,-3487561681884515857,1,0
0:17:58,0:19:10,8,12,12,-7666456155617257954,0,2
0:19:36,0:21:09,8,11,11,7326034728268644370,0,1
0:22:24,0:23:37,7,20,20,-5976963178872147932,0,1
0:22:16,0:23:32,8,13,13,-6339985037530572678,0,0
0:20:17,0:21:37,8,15,15,-5766792285794479090,0,1
0:22:00,0:23:54,9,14,14,-539330315975932899,0,3
0:16:48,0:18:26,8,7,7,1419594429232276474,0,2
0:19:41,0:21:10,7,17,17,638241160647124627,0,1
0:18:37,0:19:27,8,11,11,190463362500618207,0,0
0:16:55,0:18:22,8,16,16,1324983165271562097,0,2
0:25:06,0:25:53,12,21,21,-6546592716917873288,0,0
0:24:12,0:27:38,8,21,21,1288604502855601432,0,1
0:18:24,0:19:54,8,12,12,302337954012409906,0,0
0:19:37,0:22:20,8,20,20,3792001778467764204,0,2
0:22:40,0:23:34,8,12,12,-2483300596009891032,0,1
0:22:07,0:25:29,8,16,16,-2735116778239337921,0,0
0:22:13,0:23:24,8,19,19,-5023154979202566665,0,0
0:21:58,0:24:10,8,21,21,3490022100721614219,0,1
0:15:05,0:16:00,8,19,19,-2657466515651032338,0,3
0:22:26,0:25:15,8,17,17,-5116372638895699725,0,1
0:23:51,0:25:28,8,18,18,3484054960874377866,0,2
0:16:17,0:22:23,8,16,16,5465322988138631704,0,1
0:16:17,0:17:03,7,16,16,-2277669586672928519,0,1
0:29:40,0:31:47,8,18,18,-3505288045924891077,0,0
0:16:29,0:17:23,7,13,13,-2943091431390183269,0,2
0:18:36,0:21:14,7,18,18,-2358566088337035508,1,1
0:19:42,0:20:38,9,20,20,7530283996380482723,0,1
0:20:05,0:21:03,7,16,16,923863071079580649,0,2
0:18:00,0:18:49,8,15,15,5749459361076217082,0,1
0:20:37,0:21:28,8,13,13,7034077332761966260,0,2
0:17:57,0:18:46,7,13,13,-5241572643383694519,0,0
0:20:31,0:22:00,18,5,5,-4541448510109609025,0,2
0:26:48,0:27:44,9,12,12,4035816331478350833,1,1
0:20:06,0:21:32,14,22,22,4786193773085985977,0,2
0:15:03,0:15:56,8,12,12,-3354686520227748976,0,1
0:25:46,0:26:33,7,12,12,8845353093104628153,1,0
0:21:31,0:23:17,9,17,17,-4407656486843707494,0,0
0:19:48,0:20:40,8,12,12,7074131141890078796,0,1
0:17:18,0:20:31,8,21,21,1162257117096303013,0,3
0:22:27,0:24:30,8,25,25,427215792129471306,0,1
0:20:17,0:21:53,8,10,10,8308297000544133095,0,2
0:26:49,0:27:42,10,19,19,-6672786111391232764,0,1
0:26:59,0:27:45,8,17,17,-6379513874130691297,0,1
0:31:28,0:32:44,8,15,15,-90069363693805895,0,2
0:20:36,0:22:03,8,14,14,-5366221550159606762,0,1
0:18:29,0:20:18,8,8,8,7367739376991363921,0,1
0:25:11,0:27:20,8,16,16,9120643832817514044,0,1
0:13:19,0:24:13,8,13,13,3116409003544780137,0,0
0:13:37,0:17:31,7,23,23,1750289322311227391,0,3
0:20:59,0:21:49,7,11,11,5550583210791022693,0,0
0:21:51,0:23:35,8,13,13,7639466485710515003,0,1
0:19:49,0:22:51,8,16,16,1170600938149745429,0,1
0:16:38,0:17:33,8,7,7,-2130281755454372683,0,0
0:32:06,0:32:59,8,15,15,5922185404969945494,0,2
0:23:11,0:24:25,8,23,23,2850378841011951469,0,2
0:19:30,0:20:25,9,4,4,8243525907449030147,0,0
0:24:13,0:25:03,8,16,16,-2146323322165417210,0,2
0:15:37,0:16:23,8,13,13,4784982019563374858,0,1
0:24:54,0:25:52,8,13,13,9042004023349395552,0,1
0:20:07,0:21:20,8,13,13,9222232709270030882,0,2
0:22:04,0:22:56,7,27,27,-8300576322104045413,0,0
0:22:38,0:23:59,8,14,14,-3813842299661419824,0,1
0:30:16,0:31:12,8,23,23,2883386552676343602,0,0
0:21:05,0:22:16,8,16,16,-2751552352319629724,0,0
0:15:05,0:17:13,8,14,14,8475363431367254561,0,1
0:16:58,0:17:45,8,17,17,-8869645651307758330,0,1
0:18:25,0:21:20,8,13,13,2756793722362344941,0,1
0:22:02,0:38:55,8,21,21,-1129072324868366439,1,0
0:29:29,0:32:10,8,17,17,5654673046955716112,1,0
0:15:03,0:17:16,8,15,15,-2312109716811063597,0,0
0:18:41,0:19:58,8,12,12,6207803385280617160,0,1
0:24:26,0:25:21,8,11,11,7426719157717005177,0,0
0:19:35,0:20:24,8,12,12,2466473914313547688,0,2
0:21:24,0:22:58,9,18,18,3272540385005145159,0,0
0:21:34,0:22:28,8,15,15,7851481576663808500,0,0
0:19:18,0:20:20,8,15,15,-4159621676274401288,0,1
0:18:34,0:19:30,7,20,20,-2525754491514536095,0,1
0:20:58,0:21:54,8,15,15,-8112516959002270454,0,1
0:17:41,0:18:31,9,13,13,-6908195990362647959,0,3
0:21:06,0:22:26,8,18,18,-1641689941896371006,0,1
0:24:10,0:25:09,11,14,14,-2509565763872699341,0,0
0:20:50,0:22:05,8,16,16,-6619505184451507968,0,0
0:22:41,0:23:39,8,16,16,8098426953330955017,0,0
0:16:15,0:17:15,7,20,20,-8935788710417895930,0,0
0:19:20,0:21:15,8,14,14,3578111832753705908,0,1
0:24:17,0:25:57,8,19,19,1211716642009572465,0,0
0:17:04,0:21:59,7,15,15,5991125825464473044,0,1
0:39:26,0:41:43,8,14,14,-3436081382007816505,0,0
0:18:57,0:19:47,8,16,16,-4691045138086685976,0,1
0:16:59,0:18:12,8,18,18,1129568756875953323,0,2
0:23:55,0:25:19,7,11,11,-325529207944195906,0,3
0:18:35,0:19:27,8,12,12,-4719302252480830154,0,2
0:19:27,0:20:20,8,14,14,7392589591656190063,0,2
0:20:58,0:21:51,9,23,23,5975905044386455500,0,1
0:29:50,0:31:32,8,17,17,7072562111014755673,0,1
0:25:41,0:27:14,7,15,15,454758888255709366,0,1
0:31:11,0:32:28,7,15,15,-3069452988318614913,0,1
0:18:23,0:19:27,8,21,21,-4964813288207695349,0,1
0:22:57,0:24:58,8,10,10,-3374069210551745645,0,4
0:17:09,0:18:02,9,13,13,-8133831366056424456,0,1
0:15:36,0:16:57,9,13,13,-4400194304228650467,0,0
0:23:37,0:24:31,8,12,12,-1192303601078804273,0,2
0:24:17,0:25:34,9,25,25,8804374325081413216,0,0
0:17:14,0:17:59,10,15,15,3310991273543312652,0,2
0:17:18,0:18:11,8,19,19,2893260939469769644,0,0
0:19:05,0:19:55,8,18,18,-8590613853318419275,0,1
0:15:54,0:17:16,8,16,16,-3608126135821593347,0,1
0:16:12,0:17:05,8,12,12,7896677818810951254,0,0
0:17:26,0:19:28,7,18,18,-8108705381522167425,0,1
0:17:49,0:18:44,8,18,18,-8172469362132411666,0,2
0:16:16,0:17:08,8,10,10,8920566695059158787,0,1
0:17:35,0:18:23,8,15,15,-3418919948996128820,0,0
0:21:19,0:22:20,8,11,11,9108317295505492696,0,1
0:19:34,0:21:03,7,14,14,698258485469681307,0,5
0:28:23,0:31:09,9,26,26,-1905091208189251474,0,1
0:16:29,0:17:20,8,16,16,4130980388700093967,0,2
0:18:48,0:20:24,8,26,26,-479210166214372476,0,1
0:26:52,0:27:41,8,17,17,1687202565498843894,0,2
0:27:49,0:29:21,8,15,15,-6918661153479087440,0,3
0:17:05,0:17:51,9,21,21,-4882575652099186814,0,1
0:24:45,0:26:15,8,13,13,5246313776642945476,0,1
0:17:05,0:18:02,7,18,18,-778274269293583112,0,1
0:19:30,0:20:22,8,18,18,-140426286403568285,0,1
0:20:24,0:40:44,7,16,16,7431065060003040592,1,1
0:20:39,0:23:37,8,12,12,2263107874778976475,1,1
0:19:01,0:19:58,8,18,18,-615138521196617899,0,0
0:23:39,0:34:14,8,18,18,8764706212777081969,1,1
0:22:11,0:28:04,8,17,17,6574126462238807779,0,2
0:25:09,0:26:02,8,12,12,-4565671621651085811,0,2
0:17:26,0:18:28,8,16,16,-2017178817477883680,0,3
0:32:27,0:33:19,8,15,15,-2101104626869035526,0,0
0:15:56,0:18:13,8,14,14,-117698587753026191,0,3
0:17:48,0:18:45,7,17,17,3590474060816370916,0,1
0:20:34,0:21:37,8,18,18,3555497896376854878,0,1
0:21:40,0:22:38,8,13,13,8672022917611422326,0,0
0:28:25,0:30:32,8,13,13,-8469493968677178466,0,1
0:18:02,0:19:46,8,22,22,340818371329943214,0,0
0:34:07,0:34:59,8,22,22,8039436403336776731,0,3
0:15:25,0:18:37,7,10,10,3803654023063902310,0,1
0:15:41,0:16:36,8,19,19,-8734946446463191451,0,1
0:21:57,0:23:07,7,15,15,6767755857199101288,0,1
0:21:07,0:23:31,7,16,16,204095018641577312,0,0
0:19:58,0:20:46,7,18,18,3925546351485938907,0,1
0:25:42,0:26:41,8,20,20,884328147608159369,1,2
0:29:29,0:30:23,8,16,16,-615779086869541805,0,1
0:27:04,0:28:10,9,20,20,-9170637637248811655,0,1-1/0
0:15:59,0:19:20,8,14,14,-7503958274887603678,0,2
0:20:15,0:21:12,8,23,23,-8844368248172957702,0,1
0:21:50,0:24:37,9,15,15,3278619764731626838,0,1
0:31:22,0:32:07,16,26,26,7800753107963108536,1,2
0:18:37,0:22:06,7,16,16,-4391541144520394196,0,0
0:37:40,0:39:14,10,13,13,1613930028598851956,1,2
0:14:07,0:15:25,7,9,9,3680407162330218046,0,2
0:16:34,0:18:22,7,11,11,5375525206352885262,0,0
0:19:15,0:20:09,7,16,16,-7160073447935251996,0,1
0:17:49,0:18:40,8,16,16,-980829160614313893,0,2
0:20:32,0:21:25,8,13,13,8449824907712591064,0,1
0:20:33,0:22:09,7,17,17,-8621973861017363096,0,2
0:21:08,0:21:56,12,19,19,-1176142763889710219,0,1
0:23:34,0:24:59,11,14,14,-8533181597808407850,0,4
0:16:14,0:16:59,8,17,17,6914194208781697335,0,2
0:14:28,0:17:27,7,13,13,7646629093863178182,0,0
0:16:30,0:18:07,7,15,15,53367277492131321,0,2
0:16:52,0:18:26,7,12,12,-2482665729150501188,0,2
0:15:28,0:16:31,8,18,18,198820382334544875,0,2
0:16:31,0:17:19,8,15,15,510538980105629460,0,2
0:23:29,0:24:18,7,22,22,5253485100389480550,0,0
0:21:59,0:23:42,7,10,10,-7400342498467671321,0,0
0:17:01,0:17:55,7,14,14,5253767660318349172,0,2
0:18:53,0:20:57,8,14,14,8436493826923768315,0,0
0:28:21,0:30:23,9,17,17,-3934426857635326203,1,0
0:18:42,0:19:35,7,11,11,7962576141900316847,0,1
0:12:15,0:14:42,8,20,20,2900164771973569417,0,2
0:18:57,0:19:49,9,15,15,4928105355893544697,0,1
0:14:51,0:18:25,8,11,11,6553520172295686332,0,1
0:18:49,0:19:43,8,12,12,-1642552853712389471,0,2
0:18:44,0:19:33,8,11,11,9052868449115529875,0,1
0:16:38,0:17:32,6,13,13,-1824425201678745582,0,2
0:16:58,0:17:52,8,17,17,2642961404522210642,0,0
0:27:44,0:29:07,8,13,13,-2732780893897308190,0,1
0:21:14,0:22:52,8,24,24,-3659845055024548695,0,1
0:20:03,0:20:56,8,15,15,-3137001957115906250,0,0
0:15:19,0:17:23,8,10,10,-1547356442434519921,0,0
0:18:34,0:21:40,8,12,12,-1974026656484664578,0,2
0:21:47,0:34:06,8,13,13,-3263972916254322288,1,2
0:17:07,0:19:19,8,18,18,-4629639084048466992,0,2
0:26:45,0:28:29,7,13,13,8171055246511362867,0,0
0:22:46,0:25:17,7,13,13,7258241549509788496,0,3
0:25:44,0:27:28,8,7,7,7120184241674391818,0,0
0:21:05,0:22:51,8,13,13,5063144739990261396,0,2
0:18:40,0:21:00,8,15,15,-7038008133523368026,0,1
0:24:52,0:25:41,8,15,15,-2843240442367256560,0,1
0:17:56,0:23:18,7,17,17,-88959572241285571,0,1
0:24:08,0:26:52,8,26,26,-3678446345628547253,0,1
0:17:37,0:18:32,8,23,23,1337767840742482660,0,1
0:21:45,0:23:38,8,19,19,-8745520824843387587,0,2
0:22:05,0:22:56,7,13,13,-2954629413207893115,0,2
0:33:30,0:35:45,15,29,29,-5965066449159186342,1,3
0:23:26,0:24:17,8,17,17,3191147185592291366,0,3
0:20:27,0:21:16,8,14,14,4533171106339323834,0,0
0:22:55,0:24:24,8,13,13,-7667201939614685518,0,0
0:15:28,0:16:13,8,12,12,6188245256536163066,0,1
0:22:32,0:24:31,8,14,14,-4334708189304079938,0,1
0:17:05,0:18:51,8,10,10,7011966968844342943,0,1
0:21:31,0:23:46,8,18,18,-4477971908913849890,0,0
0:24:36,0:25:33,8,18,18,1139978594065997843,0,2
0:25:19,0:26:12,8,10,10,2445695967819803455,0,3
0:17:02,0:17:47,7,16,16,2535028991255343200,0,2
0:26:40,0:28:35,8,12,12,-1464283659677218895,0,1
0:16:58,0:19:00,8,17,17,6631151806198202575,0,2
0:22:45,0:24:05,8,16,16,-7496122405931013278,0,1
0:22:45,0:23:30,9,21,21,8408586012906680122,0,0
0:26:09,0:27:14,8,13,13,8963317914071735420,0,0
0:17:32,0:18:43,9,17,17,5073466820100378600,0,1
0:25:56,0:27:13,8,22,22,-5843315950272706511,0,1
0:17:25,0:18:22,7,16,16,7477697036025268187,0,0
0:20:32,0:21:26,8,14,14,7860577578975500671,0,0
0:23:03,0:24:15,14,14,14,-5606823660498471563,0,3
0:20:54,0:25:52,8,18,18,3391620556082396694,1,1
0:22:01,0:22:51,7,21,21,-1132629478792654890,0,0
0:21:49,0:23:00,9,9,9,-7334265821350534505,0,0
0:20:08,0:21:02,9,20,20,4230000051242833071,0,2
0:19:20,0:20:49,8,28,28,5195442993793005510,0,0
0:22:51,0:23:45,7,17,17,-6282339947910362955,0,3
0:29:31,0:31:02,8,9,9,8078530730470890476,0,2
0:24:13,0:25:02,7,12,12,-6633288885935041426,0,2
0:20:19,0:21:42,8,15,15,-7350065126428144715,0,1
0:17:39,0:18:31,8,14,14,-8343631317671630468,0,1
0:19:17,0:21:59,8,16,16,-5159246628931437638,0,1
0:27:51,0:28:45,8,19,19,-3605047999941894879,0,1
0:17:25,0:18:17,8,17,17,-218880240148057050,1,1
0:20:31,0:23:24,10,23,23,-4085455386465990354,1,0
0:19:25,0:20:37,7,17,17,-7092109669190532100,0,3
0:20:04,0:23:29,8,15,15,5776732737461419921,0,2
0:23:41,0:25:52,8,12,12,9004310504561081399,0,0
0:23:52,0:26:01,8,14,14,-8527839265686754802,0,0
0:37:35,0:42:45,8,10,10,6393518444409833046,0,3
0:27:48,0:28:43,8,12,12,-6185654854744374489,0,0
0:22:01,0:24:18,7,22,22,-9007999694232633890,0,0
0:25:21,0:26:35,8,15,15,488272805137759522,0,1
0:20:02,0:21:36,8,15,15,-333243521825827388,1,3
0:23:21,0:24:22,8,28,28,-3651746229424695238,0,0
0:24:33,0:25:26,8,13,13,5899439408412549094,0,1
0:29:33,0:30:54,8,16,16,-9158064354885340977,0,2
0:29:17,0:30:07,8,17,17,-7545670689060190204,0,0
0:19:38,0:21:08,8,15,15,8777562229255726342,0,2
0:17:23,0:19:56,8,20,20,6383190285600971837,0,1
0:24:55,0:27:09,8,21,21,5181813796262031920,0,3
0:17:17,0:18:23,8,18,18,-7766183582665257182,0,3
0:19:55,0:23:11,7,21,21,1742182090549827603,0,1
0:20:04,0:20:56,16,11,11,-8089419807719630337,0,1
0:17:34,0:18:39,8,14,14,2124247598766153665,0,0
0:24:50,0:26:18,8,17,17,5387542131227864714,0,1
0:18:39,0:21:39,8,11,11,-6889659695184595849,0,2
0:22:50,0:23:37,10,20,20,-8022880900552798936,0,2
0:21:51,0:22:44,8,19,19,1832614142764069383,0,1
0:17:15,0:18:01,8,14,14,8058032594954761964,1,0
0:29:00,0:31:24,8,18,18,-2278213393098677780,0,0
0:26:26,0:28:15,8,14,14,3502218794506539484,0,1
0:13:59,0:14:51,8,12,12,488662865236870375,0,0
0:25:10,0:26:10,15,19,19,4973907977322599905,0,3
0:21:29,0:22:15,14,12,12,2030330412339536723,0,0
0:22:19,0:24:42,8,17,17,-8694033496432846706,0,4
0:25:58,0:27:30,8,17,17,2680036079062585383,0,0
0:12:22,0:15:35,7,16,16,493277828470723295,0,4
0:22:29,0:26:07,8,17,17,-8393784054033461009,0,1
0:22:54,0:24:12,11,20,20,8374219728888548721,0,2
0:22:46,0:24:05,8,15,15,-4003979795244819152,0,0
0:17:13,0:18:09,8,16,16,3448924185184875583,0,2
0:26:32,0:29:09,8,16,16,-7973171546660312365,0,0
0:18:49,0:21:20,8,14,14,917445507231232676,0,0
0:24:45,0:25:32,8,14,14,7926977645656627323,0,3
0:21:16,0:22:31,8,13,13,-2726522372209814419,0,1
0:20:20,0:22:32,9,21,21,2020407951621706965,0,1
0:24:14,0:25:35,8,14,14,-5370945435998405466,0,0
0:17:27,0:18:13,7,12,12,-3223643000376034400,0,1
0:22:40,0:23:32,8,17,17,-63556095628567717,1,0
0:17:39,0:19:21,7,12,12,3848693430513127847,0,2
0:18:34,0:20:09,8,25,25,2816091210461010857,0,1
0:17:50,0:18:42,7,10,10,-2315410454862907326,0,1
0:20:14,0:21:05,8,20,20,-397038139826014008,0,1
0:27:13,0:28:04,8,13,13,4104071770896602690,0,1
0:24:06,0:25:02,8,14,14,-6408854275316505669,0,0
0:34:06,0:35:31,8,16,16,1862028839159795023,0,2
0:31:50,0:32:43,7,17,17,-5716783932153355190,1,2
0:52:03,0:52:51,10,24,24,-1102164296234788425,1,1
0:30:20,0:31:11,7,17,17,4488568070150383983,1,3
0:43:38,0:45:42,11,23,23,5788413383179736083,0,0
0:17:46,0:18:36,8,17,17,860941944802162150,0,1
0:16:53,0:18:11,8,9,9,-4616359391153076969,0,0
0:13:27,0:15:42,7,12,12,2608058783691113338,0,0
0:14:02,0:14:51,8,9,9,-3861673392189744271,0,0
0:20:12,0:21:22,8,16,16,3042318074022915772,0,0
0:17:36,0:18:36,8,16,16,7004786184545734133,0,2
0:20:59,0:21:46,8,12,12,-8224108869071632427,0,1
0:42:23,0:44:14,8,16,16,5031487970296561004,2,0
0:14:27,0:18:41,8,13,13,-6939064614603375206,0,2
0:27:05,0:27:59,7,23,23,-2799647988938334376,0,1
0:15:47,0:16:37,10,13,13,6174602485386908834,0,1
0:22:50,0:23:42,8,20,20,1147710574644501813,0,1
0:23:02,0:23:51,9,17,17,-7978545406233027521,0,1
0:25:04,0:25:59,8,17,17,809686529913221990,0,2
0:21:55,0:24:13,8,20,20,-1687577989297838551,0,0
0:22:25,0:24:41,7,26,26,-1179572358877717293,0,0
0:19:32,0:21:44,8,16,16,-335422728285722582,0,0
0:23:03,0:23:53,8,11,11,-3309014937419061188,0,1
0:23:51,0:27:03,8,14,14,-6118248058038769433,0,2
0:18:29,0:23:08,8,13,13,2542908837017204465,0,0
0:15:55,0:17:11,8,19,19,-3754216945342295580,0,2
0:21:40,0:22:44,8,13,13,-5444177962298943879,0,0
0:24:44,0:26:13,8,16,16,7317882190882470694,0,0
0:27:05,0:28:19,8,29,29,-4112493864397416773,0,0
0:27:12,0:28:26,8,12,12,-2078853481735721113,0,0
0:18:11,0:19:15,8,12,12,5190858665727462875,0,0
0:15:15,0:16:07,8,11,11,-4714333839166628621,1,2
0:18:59,0:23:17,9,20,20,-5908139991715544429,0,1
0:16:15,0:19:30,11,16,16,2678711169277549555,0,0
0:18:31,0:19:24,8,13,13,9215123749174614025,0,2
0:27:07,0:38:00,13,20,20,-6636436970056518980,1,1
0:20:30,0:23:10,8,16,16,344109440826009185,0,1
0:19:09,0:20:09,9,16,16,-9190272630694970959,0,0
0:20:02,0:21:33,8,15,15,6268269147773302869,0,2
0:21:42,0:24:12,8,23,23,-4802949932990396983,0,0
0:29:10,0:30:41,9,19,19,-34312923727290233,1,2
0:25:45,0:26:31,8,17,17,-3184311465646715107,0,0
0:19:20,0:23:26,9,15,15,4313590517323686348,0,4
0:37:26,0:38:40,8,13,13,-3175432925104932853,0,1
0:19:48,0:21:17,7,10,10,-6299681972371710293,0,1
0:20:43,0:21:33,8,16,16,-1046663796729550385,0,0
0:19:28,0:20:23,8,11,11,-5739684866500170713,0,0
0:29:18,0:31:34,13,11,11,-6842286753228094518,0,3
0:17:44,0:18:33,8,14,14,3540242291039902267,0,1
0:27:16,0:28:12,8,18,18,-8440559373469504067,0,3
0:25:06,0:25:57,8,22,22,-130017933520164247,0,2
0:18:10,0:19:04,8,17,17,-1647446652416710391,0,4
0:20:28,0:22:40,9,14,14,7372274063231801033,0,3
0:20:18,0:22:13,8,11,11,-147620519283519448,0,0
0:19:11,0:20:34,9,25,25,7656348394867261238,0,3
0:18:38,0:19:36,9,7,7,-4025465347578474601,0,1
0:21:40,0:22:32,7,23,23,-4047404767909618386,0,0
0:22:17,0:24:25,8,11,11,1382593061164842843,0,2
0:17:23,0:18:15,7,13,13,-3144332780914657659,0,2
0:22:09,0:23:02,8,21,21,5076744702104678582,0,1
0:16:30,0:17:26,7,15,15,-4154849414551313200,0,3
0:14:22,0:16:18,8,9,9,8023860034227108917,0,1
0:22:43,0:24:36,8,15,15,8762477010119603168,0,0
0:21:45,0:25:36,8,16,16,140482009857973564,0,3
0:28:07,0:29:01,7,16,16,-9159767804631035964,0,2
0:23:23,0:25:16,9,16,16,5180114641661804032,0,1
0:17:25,0:18:44,8,17,17,-7871369458428171528,0,1
0:18:56,0:20:11,9,11,11,2253008503696986003,0,3
0:24:35,0:25:53,9,13,13,8884426105492390375,0,3
0:24:38,0:25:52,9,16,16,-6313448124775564930,0,1
0:22:39,0:23:26,8,18,18,-5858278767850706916,0,2
0:28:35,0:29:28,8,14,14,1887843693854791129,0,1
0:21:22,0:25:27,8,16,16,9137592075645257657,0,0
0:20:54,0:21:46,8,12,12,8717444323503449181,0,1
0:18:33,0:30:20,7,10,10,-500261004630012745,1,2
0:20:11,0:21:14,10,13,13,-359584471845426343,0,0
0:24:05,0:26:23,8,14,14,3748207340217447462,0,2
0:29:49,0:31:44,8,14,14,-2256422034993129797,1,1
0:24:02,0:26:20,8,9,9,2904509307775705876,0,2
0:21:36,0:22:52,7,17,17,6116569960017993585,0,3
0:30:33,0:31:57,8,17,17,8788376659763125670,2,0
0:15:10,0:16:19,8,12,12,2945639694915524115,0,1
0:15:00,0:16:43,8,12,12,-485185814184453069,0,0
0:15:05,0:15:53,9,16,16,5295209190012212374,0,3
0:17:31,0:20:18,11,13,13,9072317114695781949,0,3
0:21:22,0:23:33,12,20,20,4431095016842579212,0,0
0:16:57,0:17:53,8,18,18,-6664084086764022827,0,0
0:17:10,0:20:34,8,14,14,4405439733925863902,0,1
0:20:50,0:21:45,8,18,18,-2028302247416692969,0,1
0:25:22,0:27:28,8,25,25,6271207950660350103,0,0
0:22:26,0:24:35,8,24,24,-4281297982316408992,0,1
0:21:23,0:22:35,8,22,22,-4953702780709146049,0,3
0:18:06,0:20:48,8,13,13,771486920988732049,0,2
0:18:57,0:20:57,8,18,18,-935267821780781246,0,1
0:18:10,0:19:02,8,15,15,9018782488068969803,0,0
0:23:49,0:25:44,8,26,26,-8746613387692756507,0,2
0:24:58,0:27:29,8,16,16,-764065685551932582,0,1
0:17:46,0:20:23,9,12,12,2196689589975734605,0,2
0:22:20,0:25:07,8,12,12,9076203459690960452,0,2
0:22:32,0:24:10,8,12,12,4296777416340515959,0,2
0:23:16,0:24:13,8,17,17,3004978957629985926,0,3
0:22:38,0:25:01,10,12,12,5828401346650853313,0,2
0:20:07,0:22:51,14,17,17,2275648725427242701,0,1
0:30:47,0:31:33,7,14,14,8304465420758758020,2,2
1:26:02,1:28:59,12,20,20,4633031830398581145,4,1
0:24:11,0:25:02,16,16,16,-374348854789605576,0,1
0:26:10,0:28:55,9,22,22,3383916970573815695,0,0
0:20:33,0:21:26,9,17,17,-5172038664130416747,0,5
0:12:29,0:14:30,7,17,17,801778328377046429,0,2
0:43:47,0:44:33,9,12,12,-7305080376030197541,1,1
0:22:14,0:23:27,7,14,14,2903761188204228678,0,0
0:19:41,0:20:32,8,15,15,-3301432255323312393,0,1
0:15:29,0:16:21,9,14,14,1375232696307941166,0,1
0:17:39,0:18:35,8,19,19,-3147957156081707184,0,3
0:17:31,0:18:22,7,9,9,8831935265036035696,0,1
0:22:39,0:23:57,13,16,16,-7536977418785967629,1,1
0:34:49,0:36:17,8,16,16,-4875450353297682009,0,1
0:19:50,0:20:42,8,19,19,-72333812076659266,0,1
0:27:30,0:28:24,7,21,21,-4763101900999109149,1,1
0:18:38,0:19:29,7,10,10,6574401220100422520,0,1
0:23:36,0:39:29,8,16,16,-6019000421415695411,1,2
0:22:37,0:27:02,8,14,14,3579108914227565177,0,2
0:25:01,0:25:53,8,19,19,238710136522449484,0,2
0:19:12,0:20:04,8,17,17,237201656482134256,0,1
0:26:44,0:29:07,8,10,10,4439403935303189602,0,1
0:25:56,0:26:50,8,12,12,-1270159089240057988,0,0
0:22:18,0:23:12,8,19,19,-6743474363351115220,0,1
0:21:26,0:23:27,8,15,15,1180467773692820915,0,1
0:23:44,0:27:41,8,18,18,5149252426461742371,0,1
0:16:15,0:17:39,8,12,12,-4845476763351181963,0,1
0:34:28,0:36:23,8,11,11,-8970288216320716585,0,0
0:24:37,0:27:02,10,20,20,1602895533350496485,0,0
0:24:49,0:25:39,8,12,12,9119371966156863378,0,2
0:23:12,0:24:33,8,15,15,-5274951158553988314,0,1
0:27:31,0:29:11,8,24,24,9001166722696708317,0,1
0:20:45,0:21:35,8,10,10,1756567784933954379,0,1
0:19:12,0:20:01,8,14,14,4133751005960333373,0,0
0:32:07,0:32:53,8,18,18,-6980917680152801435,0,2
0:22:09,0:23:43,7,22,22,-4422643890099689435,0,1
0:21:04,0:24:03,8,15,15,2152740288070776851,0,2
0:31:16,0:34:25,9,9,9,4295331678472239939,0,1
0:23:46,0:24:40,8,12,12,-2942061147147584070,0,0
0:15:42,0:16:35,8,17,17,-1491206076777199509,0,1
0:20:46,0:23:02,8,10,10,976145161433303273,0,0
0:30:59,0:31:46,16,24,24,-7155150008860833177,0,0
0:25:35,0:36:46,10,19,19,-3125204952989503621,1,1
0:23:00,0:23:55,7,21,21,2913967621630833658,0,1
0:23:13,0:25:18,8,13,13,5689864728221324469,0,0
0:17:53,0:18:41,8,15,15,8061355998021504863,0,0
0:18:15,0:22:01,8,15,15,-1854134728725761149,0,0
0:20:31,0:21:22,8,14,14,8246184056413942359,0,0
0:25:38,0:28:30,7,20,20,-8624929188861852951,0,0
0:18:16,0:20:42,8,14,14,3433186871586558301,0,2
0:24:07,0:25:42,7,11,11,2636973273604415553,0,1
0:27:59,0:28:50,8,16,16,4335969161213932242,0,3
0:33:52,0:36:43,7,9,9,6533346992621101124,0,2
0:20:22,0:21:14,9,14,14,-45582326729204757,0,2
0:18:22,0:20:10,8,15,15,5978548502832617114,0,0
0:18:09,0:20:25,8,12,12,-5196837459074085693,0,3
0:22:16,0:23:49,8,10,10,-8297059965682371281,0,1
0:27:27,0:28:54,8,13,13,4589437525285411317,2,2
0:21:14,0:21:59,8,16,16,8424635732974724189,0,2
0:20:06,0:24:22,8,13,13,5974419205167349406,0,0
0:33:05,0:48:21,9,13,13,-8986054638094502152,3,0
0:15:05,0:17:19,8,14,14,-1742562246389624890,0,2
0:38:46,0:40:07,7,20,20,-7856502075414109604,1,2
0:20:28,0:21:17,8,13,13,-4603709528542387702,0,2
0:19:42,0:20:32,7,17,17,-4411106168716005125,0,2
0:23:35,0:24:50,9,14,14,1680281568075043577,0,1
0:20:30,0:21:20,8,14,14,-9220668476545349182,0,1
0:16:31,0:17:47,8,10,10,8472278055674042223,0,2
0:26:39,0:27:28,8,13,13,4083575855020991331,0,1
0:19:41,0:21:43,8,19,19,-8410445935528336688,0,0
0:20:12,0:23:59,9,17,17,1595528274688916434,0,0
0:21:12,0:21:57,8,18,18,5119283288577451202,0,1
0:22:33,0:25:16,8,15,15,-3350713567466886778,1,1
0:23:20,0:26:03,7,10,10,-4215142255783572573,1,1
0:19:49,0:22:04,8,17,17,403362494220347125,0,1
0:28:28,0:30:03,8,14,14,3522822753264212138,0,0
0:22:05,0:22:57,8,10,10,-524412903402061691,0,2
0:27:01,0:28:05,8,18,18,-6117401261864461008,0,2
0:25:33,0:29:59,9,22,22,-7490205751661929399,0,3
0:09:40,0:10:53,7,13,13,8311079125882946541,0,1
0:22:25,0:26:42,8,12,12,6810497696427822757,0,1
0:21:02,0:23:06,8,18,18,-6394717313878060918,0,3
0:22:28,0:23:30,8,15,15,-4179309619148117159,0,0
0:25:21,0:29:07,8,19,19,6328644946890484732,0,1
0:17:06,0:18:00,7,10,10,-2151928958584971364,0,1
0:25:24,0:26:16,22,22,22,-845405834942006677,0,0
0:21:55,0:29:07,8,17,17,-7163133001746388126,2,0
0:22:03,0:22:56,9,18,18,-8314000900439063220,0,1
0:19:18,0:20:04,8,11,11,5244399622951897554,0,1
0:22:28,0:25:41,7,13,13,-8190983167377134397,0,0
0:18:45,0:19:38,9,19,19,-1887053373457553199,0,1
0:26:14,0:31:40,10,18,18,-966672546469786736,1,0
0:15:05,0:15:58,8,10,10,2917143404135679615,0,4
0:19:44,0:20:46,7,13,13,4791429771070612710,0,0
0:22:14,0:24:37,8,19,19,525666230028986973,0,1
0:19:01,0:19:46,7,17,17,-2354315736201088772,0,2
0:20:34,0:21:22,11,19,19,76156223632286398,0,3
0:31:01,0:35:33,8,16,16,-748736909620586544,1,1
0:16:21,0:17:12,8,12,12,7296828462457940220,0,5
0:18:14,0:19:18,8,14,14,8949078875716998431,0,1
0:20:55,0:21:46,8,13,13,-6203664685668047579,0,2
0:37:02,0:56:45,8,15,15,-938925225776813054,1,2
0:20:55,0:21:50,7,12,12,3708719904124873558,0,1
0:17:30,0:18:22,7,18,18,2000321956427256252,0,0
0:46:57,0:47:54,13,19,19,-5653205650071563288,3,0
0:18:52,0:19:42,7,19,19,4381322567815172727,0,1
0:16:06,0:17:05,8,16,16,6680765601032585803,0,2
0:26:09,0:27:03,7,14,14,7482366078389313179,0,0
0:12:53,0:13:29,7,14,14,-541252146613329207,0,0
0:25:18,0:26:04,8,12,12,554562664701385142,0,2
0:17:38,0:18:30,7,16,16,5934877265371554951,0,0
0:20:02,0:21:02,7,16,16,2039537690720741683,0,2
0:21:21,0:23:52,8,11,11,-477194515176136065,0,2
0:25:43,0:27:38,8,15,15,-3396044502489414374,0,0
0:20:24,0:21:14,7,15,15,-9147675372576985359,0,0
0:45:50,0:46:36,8,16,16,-2368740163308695221,1,0
0:30:09,0:31:56,9,18,18,-3590824035081113468,2,0
0:24:21,0:25:15,8,14,14,-2991456115071393457,0,1
0:20:45,0:23:58,8,12,12,8399077515548832797,0,2
0:25:14,0:26:05,8,15,15,8821317687894654558,0,1
0:17:35,0:18:29,8,17,17,-5322747646833465592,0,1
0:27:14,0:28:08,8,18,18,-1173766058279463741,0,3
0:27:13,0:29:19,7,14,14,6332838812541152180,0,0
0:19:11,0:20:01,8,13,13,-1732009593346478768,0,2
0:31:33,0:32:31,8,13,13,-7601455319822341877,1,1
0:19:42,0:20:58,10,20,20,-3671214916092554030,0,1
0:26:53,0:27:40,8,17,17,-922419500856235878,0,1
0:20:00,0:20:46,8,24,24,5226505261098396542,0,0
0:20:46,0:21:38,8,20,20,8404398093087900793,0,2
0:14:29,0:16:15,8,11,11,6908094323432167644,0,0
0:18:19,0:19:13,9,20,20,-4700029446053961834,0,1
0:22:46,0:40:09,8,13,13,-3842664004284546723,2,2
0:18:00,0:19:50,9,11,11,-5819832136276383831,0,0
0:31:11,0:42:42,9,17,17,6071078631320400444,1,2
0:20:15,0:21:10,8,12,12,7801967385710910121,0,0
0:23:25,0:24:16,7,13,13,2517614080160255359,0,1
0:55:49,0:57:02,8,15,15,5300847095743093630,2,1
0:17:53,0:19:44,8,24,24,5172572654499837810,0,2
0:22:19,0:24:17,12,20,20,-8373391644171773650,1,1
0:23:53,0:24:45,8,24,24,-1019108785910189813,0,0
0:16:11,0:18:21,8,21,21,-1849644518022347870,0,1
0:22:33,0:23:20,8,12,12,5006407445014677912,0,2
0:35:09,0:36:01,8,23,23,-7451161821836807594,0,0
0:15:05,0:17:34,7,14,14,4384154834029786178,0,2
0:16:54,0:20:06,8,18,18,-7173516558018781724,0,0
0:23:26,0:25:20,6,10,10,7375070722734048564,0,1
0:20:12,0:21:38,11,12,12,-1279921052950772874,0,1
0:17:08,0:18:04,8,16,16,2146896468252398235,0,1
0:15:35,0:16:53,8,11,11,5053802018556488840,0,2
0:18:10,0:18:56,8,8,8,5139644055886279149,0,0
0:16:09,0:18:39,8,12,12,5437797189092359075,0,3
0:17:13,0:18:09,7,12,12,8050568026745031474,0,0
0:19:44,0:20:36,8,26,26,-4929495038714721156,0,0
0:21:00,0:21:47,8,18,18,618969216540301141,0,0
0:24:26,0:25:42,8,16,16,-1708993862563081853,0,2
0:19:19,0:21:02,8,15,15,-584726557785402121,0,3
0:16:48,0:17:39,9,23,23,-259991674341907199,0,0
0:24:20,0:25:08,8,9,9,5315858185611211178,0,1
0:19:01,0:20:47,8,20,20,4602269348671569454,0,1
0:15:06,0:17:52,8,16,16,-6964337783490092024,0,2
0:18:35,0:19:28,8,14,14,4419462236406340866,0,0
0:21:01,0:22:13,8,19,19,-1951003024333577969,0,2
0:22:31,0:24:09,8,18,18,-5544642062319523205,0,0
0:17:54,0:18:44,9,16,16,-8449324287596628015,0,3
0:19:58,0:21:39,8,16,16,-6807974962698992462,0,3
0:20:41,0:21:30,8,17,17,3663773285978354291,0,1
0:13:12,0:14:07,7,10,10,-3463872602074815664,0,1
0:15:38,0:19:10,7,19,19,-1596548111922217887,0,0
0:19:11,0:21:15,8,15,15,-3803768123731109216,0,3
0:20:35,0:21:24,7,17,17,-416792523150312262,0,1
0:21:50,0:25:02,8,24,24,4429788515505165350,0,2
0:23:49,0:25:22,9,17,17,-3824893500412715750,1,2
0:25:23,0:29:45,11,19,19,2122318413853668350,0,0
0:17:30,0:19:30,8,24,24,8937853558355115161,0,2
0:23:40,0:25:57,8,10,10,-785532381704283023,0,3
0:23:53,0:24:46,8,17,17,-9094564277702245298,0,1
0:18:01,0:18:56,8,17,17,8227802373231058493,0,0
0:18:29,0:19:15,8,18,18,4066804843666093615,0,1
0:17:55,0:18:43,12,13,13,-9038595949626682694,0,0
0:25:40,0:26:59,9,18,18,-632472267548680297,0,2
0:21:22,0:22:14,8,17,17,-3408246077806846530,0,1
0:25:16,0:26:55,7,13,13,6419698678773809615,1,1
0:21:05,0:21:53,8,18,18,2895208096133563843,0,2
0:19:50,0:20:51,7,25,25,500848632593724952,0,1
0:19:05,0:20:23,8,14,14,8992285196802419031,0,1
0:18:46,0:19:38,8,10,10,-8954226095762563043,0,0
0:23:21,0:26:22,8,16,16,1274997199105743513,0,0
0:29:57,0:34:14,8,11,11,-6360695369067607339,0,2
0:14:34,0:15:26,6,17,17,-7521390384006674606,0,0
0:20:38,0:21:42,7,20,20,-3468233288600870309,0,0
0:21:28,0:22:59,8,17,17,5418880868952428290,1,1
0:13:03,0:13:57,8,10,10,7838541095679702300,0,0
0:23:06,0:24:34,7,12,12,-3702282417010133077,0,2
0:26:45,0:27:38,8,9,9,3437457381647761825,0,4
0:22:26,0:24:29,8,11,11,-7803172478793719974,0,1
0:21:14,0:25:00,8,17,17,8217596902470589726,0,2
0:16:28,0:19:57,8,12,12,-1411097542461292258,0,2
0:20:43,0:23:05,7,20,20,-2584817728783411741,0,2
0:19:51,0:21:11,8,21,21,-8024143613871453080,0,3
0:29:42,0:31:51,8,12,12,-6434161958896616927,0,2
0:20:59,0:22:34,8,16,16,-8788833965891631661,0,0
0:48:05,0:49:39,7,14,14,-817606531984496488,0,0
0:19:11,0:20:07,12,15,15,3491667766057803921,0,2
0:20:29,0:21:28,8,20,20,-276154947430088345,0,0
0:18:57,0:28:21,8,16,16,-6804781284009434953,1,2
0:18:40,0:19:33,7,10,10,-1314824185381720319,0,2
0:23:59,0:24:45,8,15,15,5069418595432446033,0,1
0:19:51,0:23:30,8,14,14,3947926524475603649,0,0
0:17:22,0:19:40,7,17,17,4374099001783696002,0,3
0:26:12,0:29:02,8,20,20,4282772470143941757,0,1
0:21:18,0:25:39,8,23,23,-911495035108777766,0,1
0:17:39,0:18:52,8,15,15,3478628778546698208,0,0
0:24:29,0:26:00,7,12,12,-2471261207506035351,0,2
0:18:47,0:23:33,8,12,12,-6920850459045494616,0,1
0:18:39,0:20:06,9,15,15,886090349580328593,0,3
0:21:53,0:22:44,8,12,12,-1282529186573733415,0,2
0:17:49,0:19:29,8,11,11,3191092173827063430,0,1
0:18:49,0:19:50,8,11,11,-5757508735724046069,1,1
0:21:09,0:22:05,8,16,16,-5936740256275056369,0,0
0:28:48,0:29:52,7,12,12,2012841636887900656,1,1
0:17:16,0:18:10,10,13,13,-8061574595336632544,0,0
0:17:58,0:18:44,8,12,12,2255353570299910804,0,0
0:21:08,0:24:49,8,16,16,4410547081093069830,0,3
0:21:20,0:22:48,8,19,19,8923253409244313730,0,1
0:13:32,0:15:47,8,16,16,-427382143533352980,0,0
0:21:19,0:23:16,8,21,21,-530808025037336412,0,0
0:25:13,0:26:00,8,20,20,-6461504474653615003,0,2
0:22:17,0:23:12,8,16,16,-1875741162576156604,1,1
0:16:35,0:18:29,8,8,8,998696206176514837,0,2
0:28:48,0:29:44,7,18,18,1404556539084948090,2,2
0:22:38,0:23:35,10,29,29,1731177877593638779,0,1
0:16:29,0:18:13,8,14,14,-5510585022639345728,0,0
0:18:31,0:20:58,8,15,15,1160771582679176739,0,0
0:18:27,0:19:21,8,20,20,2245557490919901054,0,3
0:18:29,0:23:43,7,11,11,5738194658972480592,1,4
0:18:23,0:20:16,8,17,17,1859494937803112925,0,1
0:20:05,0:20:58,7,12,12,-3103753915607855170,0,3
0:21:39,0:23:14,8,19,19,-1353171296348631391,0,1
0:19:05,0:20:04,9,17,17,-4999131966556320244,0,0
0:19:04,0:20:53,8,21,21,-8148680230008408856,0,0
0:16:47,0:19:02,9,5,5,2263132731926814512,0,0
0:33:16,0:34:51,15,19,19,1218671195435303331,1,0
0:22:24,0:23:41,17,16,16,-4224807078497254816,0,0
0:20:02,0:22:26,8,16,16,-5874937038094783821,0,2
0:30:40,0:31:29,6,21,21,-6292216768049866279,1,3
0:26:18,0:28:24,8,21,21,8001984301541588333,0,2
0:18:57,0:20:45,8,11,11,5865839111060939036,0,1
0:20:41,0:22:14,8,3,3,5693039709846343607,0,4
0:18:57,0:19:50,11,16,16,-1254186170071450999,0,0
0:26:56,0:28:10,8,18,18,1105856409523820329,0,1
0:17:03,0:17:55,8,18,18,-3553378013204353735,0,3
0:25:41,0:26:34,9,18,18,7629291114151771284,0,1
0:20:32,0:21:52,8,12,12,7915387183676271600,0,0
0:16:32,0:17:21,8,11,11,-1713088860245295487,0,1
0:25:47,0:27:43,9,12,12,-6249249716511650957,0,0
0:22:16,0:26:06,8,14,14,-266457267024301056,0,0
0:19:27,0:22:09,9,18,18,5061669689887812106,0,1
0:24:49,0:25:41,13,15,15,1602021120523218607,0,1
0:17:18,0:18:49,7,13,13,-1536309003778688054,0,1
0:21:57,0:22:45,8,21,21,3759438938564410104,0,2
0:35:44,0:38:45,20,18,18,5546024556137930617,1,1
0:37:44,0:39:26,8,21,21,3881356915482248717,0,2
0:21:09,0:23:41,7,15,15,2823367545439122833,1,1
0:21:52,0:24:27,8,15,15,7105681880816850528,0,1
0:19:49,0:22:31,8,14,14,-966665533050114514,0,2
0:22:29,0:23:17,13,22,22,-8425604598168778953,0,1
0:22:26,0:23:50,8,21,21,4999913853769525301,0,0
0:23:17,0:24:49,8,15,15,-119034844404741450,0,2
0:21:26,0:22:19,7,15,15,-5792094296756179451,0,1
0:15:55,0:17:15,7,16,16,643677312062157201,0,1
0:19:36,0:20:23,8,15,15,8882851887793365472,0,1
0:19:28,0:20:57,7,14,14,-1406525599650847987,0,0
0:19:32,0:20:29,8,14,14,4433558799215571899,0,1
0:17:45,0:19:41,8,24,24,3670413718955507485,0,0
0:16:34,0:19:08,8,12,12,-1190011287344934169,0,1
0:20:36,0:22:27,12,21,21,8756507402827746407,0,2
0:17:40,0:19:37,7,17,17,8458697755014466709,0,0
0:19:55,0:21:27,8,15,15,680270168355299470,0,1
0:15:23,0:16:23,8,16,16,-6023109232830054521,0,1
0:17:56,0:18:45,8,13,13,-263540949711039386,0,1
0:19:22,0:20:43,8,18,18,3582009266113655338,0,0
0:16:03,0:16:56,8,29,29,5176619846920868273,0,2
0:20:21,0:21:15,9,23,23,262202920844752192,1,0
0:15:04,0:16:19,8,14,14,-5970367238315910225,0,0
0:17:42,0:18:32,9,14,14,6807661686634572530,0,2
0:16:00,0:23:28,7,13,13,6500426772243334427,0,0
0:21:57,0:25:15,8,16,16,-5761279928242510121,0,2
0:22:13,0:23:50,8,19,19,8761660587700592755,0,0
0:23:53,0:24:45,8,19,19,2938892734278666442,0,3
0:22:53,0:24:11,8,13,13,3867517272722920657,0,1
0:42:43,0:43:29,7,18,18,-5275662229226678028,0,1
0:14:38,0:15:57,7,16,16,-81119686469004222,0,2
0:20:19,0:22:22,9,12,12,6785513381102766608,0,2
0:19:56,0:21:08,8,17,17,-3097739879628651211,0,0
0:18:29,0:19:52,8,23,23,-5800161005433414399,0,2
0:19:26,0:20:18,8,17,17,-2247723886047393151,0,1
0:13:25,0:14:39,7,9,9,4536127291348653983,0,0
0:18:42,0:19:34,8,16,16,8993894790818457049,0,1
0:16:07,0:17:24,8,17,17,-2480219196892864646,0,2
0:18:37,0:19:29,8,15,15,2078505104304368580,0,4
0:17:41,0:22:06,8,11,11,1176187031419274484,0,0
0:29:34,0:30:20,8,19,19,-1379638254608365969,0,0
0:20:06,0:20:52,8,19,19,4574710201722734857,0,1
0:19:59,0:21:54,7,13,13,-5532199135021377631,0,0
0:17:56,0:18:43,7,12,12,2953114672461783889,0,4
0:19:24,0:20:13,8,12,12,-5800156211431474393,0,2
0:38:13,0:39:42,11,29,29,-3653260383837815051,1,4
0:28:57,0:29:50,16,16,16,6843033901085125409,0,2
0:16:28,0:17:44,8,16,16,1709380983183085783,0,0
0:26:46,0:27:34,9,20,20,8148275948756662379,0,0
0:26:45,0:27:34,14,16,16,1424345943793772512,0,2
0:25:53,0:28:24,8,16,16,-4675015939739769436,0,1
0:23:26,0:24:11,8,12,12,1862081796667509214,1,1
0:22:29,0:23:49,8,18,18,5543883339477434716,0,1
0:23:57,0:25:52,8,15,15,4090797122769146551,0,1
0:20:56,0:22:13,7,22,22,7299991117902334642,0,3
0:21:11,0:21:57,8,13,13,-5357204017820338660,0,0
0:16:55,0:17:46,8,15,15,2149550727660251178,0,0
0:21:10,0:22:27,7,19,19,-3637419891636939599,0,0
0:23:26,0:24:12,8,13,13,6124757009660284688,0,1
0:20:20,0:21:18,8,23,23,-2830665741850876218,0,2
0:15:25,0:16:16,8,19,19,5823607217432757352,0,1
0:23:04,0:23:55,8,13,13,-6123847158509364003,0,1
0:25:49,0:26:35,7,11,11,-5003338899583092600,2,2
0:16:56,0:17:54,8,15,15,-95644231841435387,0,0
0:19:34,0:22:36,10,23,23,6142530269149313467,0,3
0:23:32,0:25:03,8,23,23,-2963710295304797983,0,2
0:20:02,0:21:01,11,13,13,4130874476399084401,0,1
0:16:59,0:20:59,8,10,10,7529087679140702778,0,3
0:16:56,0:17:43,7,15,15,5846338503777860492,0,3
0:21:42,0:24:29,7,11,11,-7877613897275160125,0,1
0:26:52,0:28:14,8,15,15,4313058437216568551,0,0
0:23:01,0:25:34,8,14,14,-442258044123694506,0,1
0:21:07,0:21:57,9,31,31,-4087809195867430032,0,0
0:18:28,0:19:22,8,18,18,4971242942765522209,0,1
0:18:47,0:20:33,9,19,19,-8964626987750732356,0,0
0:20:54,0:22:17,8,21,21,2713118816788408476,0,0
0:23:13,0:27:32,7,9,9,5675362034032454589,0,0
0:25:21,0:26:14,7,11,11,5421228344329763675,0,1
0:18:43,0:19:57,7,12,12,-5584797216532190682,0,2
0:17:28,0:18:21,8,22,22,-3892204300281496814,0,0
0:18:26,0:19:19,8,14,14,-5681910733205750939,0,0
0:13:07,0:13:57,7,11,11,-3446978684356304130,0,1
0:17:05,0:18:04,8,15,15,-965407520406853466,0,1
0:19:08,0:20:07,8,10,10,7835123814005761763,0,1
0:25:57,0:27:33,8,20,20,-1362708983275367213,0,2
0:20:39,0:21:32,7,20,20,-2018300000153279070,0,1
0:20:56,0:22:23,7,8,8,-3738072728777264516,0,1
0:20:50,0:23:10,8,16,16,2633108943528398897,1,0
0:25:52,0:26:45,8,13,13,-8217809643749366977,0,3
0:19:51,0:21:25,8,12,12,3501434109280745618,0,1
0:22:37,0:23:31,8,16,16,-1455199132020807282,0,1
0:28:00,0:38:33,8,13,13,-4491647849208050421,1,0
0:24:58,0:26:17,8,17,17,-7070515546980514819,0,0
0:17:22,0:19:46,8,11,11,759258625482657547,0,2
0:16:08,0:17:01,8,21,21,-7581776658142322475,0,1
0:24:44,0:25:46,8,20,20,7579903123059488128,0,2
0:18:11,0:19:15,8,12,12,6240036611612771675,0,1
0:18:16,0:20:41,11,12,12,-1561299660927725030,0,1
0:13:57,0:16:00,8,13,13,1947588623651182988,0,2
0:19:59,0:20:52,8,15,15,7662816615753027852,0,3
0:17:59,0:19:42,7,19,19,162858085484666598,0,2
0:19:47,0:20:37,8,22,22,-5998957906074949785,0,2
0:30:43,0:31:32,8,25,25,-5400043046829423790,0,0
0:24:14,0:25:27,8,19,19,-2830071996551009429,0,1
0:22:19,0:24:00,10,18,18,-7742552009017591740,0,0
0:15:29,0:16:17,9,12,12,2230278900415141654,0,1
0:13:37,0:17:09,7,10,10,7397543728351857583,0,1
0:17:58,0:18:51,7,15,15,-3477271574895411999,0,1
0:19:36,0:20:36,8,14,14,-611600201138874158,0,4
0:20:39,0:21:31,8,15,15,4900017223618481304,0,2
0:21:32,0:23:01,7,14,14,397773197810348896,0,2
0:25:35,0:29:33,8,12,12,-6034505322828189276,1,2
0:29:34,0:32:36,8,17,17,7152046695580539872,0,1
0:24:30,0:25:15,7,23,23,-5732795350070691764,0,1
0:19:06,0:20:01,8,31,31,-8093065385622645519,0,1
0:17:26,0:20:49,7,14,14,-1140061947131346106,0,0
0:17:08,0:18:51,8,14,14,-9124932285177833639,0,2
0:22:21,0:23:15,8,16,16,-4684262820619948549,0,1
0:30:51,0:31:44,8,14,14,-5624615938311484168,1,0
0:17:53,0:19:05,8,12,12,-4641488733189996145,0,1
0:19:00,0:21:07,8,15,15,7554859763971566684,0,0
0:22:42,0:27:12,8,19,19,-2362793812229369541,0,1
0:20:39,0:21:31,8,12,12,7156758037507325131,0,3
0:21:00,0:21:54,9,21,21,-489408081978083378,0,0
0:20:18,0:21:10,8,14,14,-1473856248176802084,0,2
0:12:59,0:14:24,8,21,21,196295729142987486,0,2
0:22:29,0:25:36,8,21,21,398195509886216317,1,0
0:17:14,0:21:06,8,12,12,-7897920784558349908,0,1
0:20:01,0:20:50,8,14,14,7759805106238395180,0,1
0:15:52,0:16:45,7,15,15,-427250507452256167,0,1
0:31:32,0:32:23,9,18,18,-7986255637877368420,0,1
0:12:59,0:13:48,7,16,16,-3048025182018067169,0,2
0:23:33,0:26:13,8,12,12,-1521081912647840740,0,3
0:17:34,0:19:23,8,11,11,-2077082037236384320,0,3
0:33:10,0:34:27,8,14,14,7023712055165813854,0,0
0:17:22,0:18:12,8,22,22,5325601668160202818,0,2
0:24:05,0:25:48,7,16,16,2921104938589434846,0,1
0:23:17,0:24:14,8,15,15,2762663016091990064,0,3
0:22:42,0:23:36,8,19,19,-1049302048704760020,0,1
0:20:56,0:22:26,8,13,13,-564587674252968690,0,0
0:31:25,0:33:27,7,12,12,1813634216113384347,0,3
0:27:03,0:30:35,9,20,20,799674466389963051,0,1
0:20:53,0:22:30,8,15,15,-5932472756539273704,0,1
0:22:01,0:24:47,11,15,15,-6244982900750872516,0,0
0:25:11,0:26:15,8,17,17,-2967741174463278851,0,2
0:17:11,0:18:05,7,13,13,7025153052666149830,0,0
0:19:05,0:19:57,8,16,16,3700331283745406402,0,0
0:22:01,0:22:50,8,12,12,-1501460784578952541,0,1
0:16:29,0:17:22,7,10,10,-3270970848805626529,0,2
0:16:48,0:18:46,8,16,16,-4105071973984602340,0,1
0:23:32,0:24:20,7,16,16,210989973273086630,0,3
0:21:51,0:23:47,8,21,21,-2829687362827670497,0,3
0:22:32,0:23:50,9,12,12,3462538672085749255,0,1
0:15:55,0:18:44,7,13,13,3240897751542482117,0,2
0:24:24,0:25:48,7,12,12,2876301081016092071,1,2
0:28:32,0:31:42,7,22,22,-2939402196016367310,0,2
0:17:26,0:21:43,8,9,9,-6861484940962927042,0,0
0:25:28,0:26:19,8,20,20,1345562992844082342,1,1
0:25:03,0:25:54,8,18,18,1889033490947895722,0,0
0:16:34,0:17:22,8,16,16,2940845757240835380,0,0
0:29:00,0:32:02,8,12,12,4438772911347988294,0,0
0:21:19,0:22:22,7,13,13,2620733799306792499,0,0
0:16:59,0:17:58,11,14,14,-5096614145948727869,0,0
0:19:04,0:21:32,7,18,18,2978287096510442731,0,1
0:20:29,0:21:20,8,19,19,-8405670889135504817,0,0
0:17:32,0:18:51,8,13,13,-7701750495318539148,0,1
0:16:51,0:17:42,8,17,17,-7072428517688525191,0,0
0:20:14,0:21:08,7,10,10,-2735182393511937283,1,3
0:20:19,0:21:11,7,12,12,-3741881923423715132,0,0
0:16:41,0:17:36,8,16,16,-492433566955195360,0,0
0:17:24,0:19:19,8,17,17,-5693167066960141905,0,1
0:24:19,0:25:06,8,13,13,-6299746497871902327,0,1
0:17:32,0:19:04,8,11,11,7350973363602309725,0,0
0:16:51,0:17:43,7,13,13,684255957227934573,0,0
0:14:28,0:15:42,7,19,19,-7759883483433446939,0,3
0:19:33,0:20:35,8,15,15,-3272549990637113146,0,2
0:21:57,0:24:08,8,9,9,3323744526264620034,0,2
0:22:45,0:23:31,8,10,10,-7742397090197587201,0,1
0:21:52,0:22:44,16,14,14,-2970873945395604095,0,2
0:17:58,0:20:51,8,12,12,2370026950770980015,0,1
0:37:46,0:38:59,8,10,10,-3063327776965833563,1,2
0:17:54,0:19:19,8,12,12,2261850223168535747,0,1
0:20:58,0:23:04,7,22,22,2693000200792446150,0,0
0:20:32,0:22:48,9,17,17,-5682752347224808795,0,3
0:19:57,0:21:08,8,11,11,249702544654603822,0,1
0:15:42,0:17:46,10,14,14,4337880355633279902,0,2
0:24:25,0:25:19,8,11,11,987694214353238177,0,1
0:15:19,0:18:08,8,23,23,-2273462249402152935,0,1
0:23:41,0:24:31,8,15,15,8243754051546408464,0,3
0:17:55,0:19:37,7,16,16,-2949090954911209885,0,0
0:17:28,0:18:16,12,24,24,8988118420612012657,0,0
0:33:56,0:34:48,8,31,31,-1297097521729413402,1,1
0:16:39,0:18:14,7,16,16,-397277035402308139,0,1
0:19:30,0:22:14,9,23,23,-2253223094004688528,0,1
0:18:38,0:19:30,8,12,12,-8432324605268184681,0,0
0:21:08,0:24:55,8,19,19,1839764643479786255,0,0
0:21:55,0:24:50,7,14,14,8074132920841462119,0,0
0:14:38,0:16:29,7,15,15,-7101498735254757305,0,0
0:23:19,0:24:08,7,8,8,-8971098775511464592,0,1
0:19:53,0:22:37,8,17,17,-3862783172496734219,0,0
0:17:12,0:19:00,8,18,18,5419211524818448363,0,2
0:19:10,0:20:03,8,15,15,6353566355408019406,0,0
0:22:09,0:23:08,8,12,12,883739705321492128,0,2
0:17:49,0:37:42,8,14,14,3760187487768825188,1,2
0:22:00,0:23:36,8,16,16,4746088657237723259,0,2
0:35:34,0:49:28,17,38,38,2282877726830414293,8,1
0:19:52,0:21:13,9,13,13,-8402429053155500447,0,0
0:19:58,0:21:14,8,15,15,893217627955886454,0,0
0:16:26,0:17:14,16,11,11,-4600891282516133025,1,3
0:31:12,0:32:06,8,27,27,5721328314279549238,0,2
0:19:54,0:21:08,8,13,13,-7591452696831961555,0,0
0:25:44,0:26:36,8,27,27,4744214801243440353,1,0
0:30:56,0:32:18,8,15,15,3894978919905889055,0,2
0:18:29,0:27:44,9,4,4,-8478160397214908967,1,3
0:28:50,0:29:59,9,16,16,2845071547108174577,0,3
0:17:03,0:18:44,8,18,18,8663936610788765821,0,1
0:22:31,0:27:26,8,17,17,-7919560904793776789,0,3
0:44:43,0:45:39,9,16,16,5559504433644395247,1,2
0:18:57,0:21:58,12,23,23,3141692768554459361,0,3
0:21:13,0:22:00,7,18,18,-120908026752590675,0,1
0:21:15,0:23:24,10,17,17,2271846698942421412,0,1
0:23:09,0:24:02,8,25,25,-289099066770032310,0,1
0:27:31,0:28:24,8,13,13,-5693242733966626237,1,0
0:18:11,0:19:55,9,16,16,1014313269004958846,0,1
0:24:01,0:24:51,8,21,21,2202564799971683020,0,2
0:16:44,0:18:47,7,10,10,-2602997658214580758,0,1
0:23:20,0:27:23,8,11,11,2948859005394592735,0,2
0:15:57,0:16:49,8,14,14,7799570690033239426,0,0
0:24:31,0:31:18,8,17,17,-4011455140775481077,0,3
0:23:02,0:23:49,8,15,15,-2106904985957147437,0,2
0:11:38,0:12:24,7,11,11,-5485475809724577243,0,0
0:29:48,0:32:15,7,16,16,5083867779538113025,0,0
0:23:16,0:25:05,8,11,11,5883058469942000475,0,1
0:17:20,0:18:11,8,13,13,-6923384629664744102,0,1
0:25:49,0:28:02,7,13,13,-5161233855058132723,0,0
0:15:10,0:18:51,8,12,12,-412313971805365935,0,0
0:24:30,0:28:13,7,12,12,4563124989272522881,0,2
0:19:16,0:21:08,8,16,16,-271587662519328721,0,2
0:17:33,0:19:04,9,13,13,5465014446082097611,0,2
0:23:32,0:25:53,9,27,27,-8190001170803590188,0,0
0:32:40,0:35:07,9,15,15,7766623387550996013,0,0
0:22:00,0:49:42,10,21,21,50595410288012302,3,2
0:20:36,0:22:10,8,13,13,3136213676634157825,0,0
0:23:24,0:24:56,8,16,16,7114179324125251433,0,1
0:29:27,0:33:29,7,12,12,4600446424077873420,0,0
0:20:08,0:20:58,8,24,24,-8156960196119083562,0,2
0:22:27,0:24:20,8,18,18,2543372689346290802,0,2
0:16:34,0:19:47,8,15,15,5142556157123610574,0,1
0:17:26,0:21:42,8,18,18,1821547714564150614,0,0
0:18:34,0:19:20,7,13,13,-4610517936114699863,0,0
0:23:19,0:24:58,7,17,17,2499492587264448037,0,0
0:15:01,0:15:48,11,15,15,-2293911779196308983,0,0
0:24:16,0:27:26,8,10,10,7003472688212396747,0,1
0:16:51,0:17:45,7,14,14,7831341254839228630,0,1
0:42:10,0:46:43,24,32,32,-346257679443355330,1,0
0:17:20,0:18:10,8,8,8,-326946224752353617,0,2
0:17:29,0:19:39,8,21,21,2747375174631168082,0,1
0:21:23,0:22:15,7,16,16,-9080483792518390398,0,0
0:19:37,0:21:40,8,17,17,7330094977293363854,0,0
0:16:08,0:16:59,8,18,18,5604315000017648160,0,0
0:17:09,0:18:00,8,10,10,-2145005576232021237,0,1
0:18:29,0:19:25,8,16,16,-7592221316668810714,0,1
0:19:02,0:19:49,7,14,14,4016923219578607853,0,0
0:23:05,0:23:54,7,14,14,8571428143274153571,0,1
0:17:38,0:18:49,8,9,9,591972809327014791,0,1
0:22:32,0:23:53,7,24,24,-1138329865824597661,1,2
0:18:09,0:19:01,8,16,16,-8364779628516140332,0,0
0:17:20,0:19:04,8,18,18,7720551224027797151,0,0
0:22:36,0:23:53,17,18,18,8669694277510043494,0,0
0:22:53,0:23:45,8,23,23,2024167127218888101,0,0
0:15:31,0:16:28,8,13,13,6711855359887461763,0,4
0:18:24,0:19:47,9,16,16,2164195564132922650,0,1
0:18:20,0:19:46,10,15,15,-7408964741989093249,0,3
0:20:28,0:21:21,9,11,11,8818951076975480388,0,1
0:20:50,0:22:03,12,13,13,4057511619385735593,0,0
0:26:03,0:27:03,8,15,15,7977801766131735135,0,0
0:33:56,0:34:45,8,15,15,-8939302470584947467,1,1
0:17:25,0:18:20,8,13,13,8571217911534607680,0,0
0:23:26,0:27:37,8,23,23,-7175083498612333758,0,2
0:18:58,0:20:32,8,21,21,7633035580267312646,0,1
0:21:08,0:23:22,8,23,23,7278125543639791422,0,1
0:17:43,0:19:34,8,10,10,5500908540665075994,0,2
0:26:12,0:27:32,8,11,11,-4679270698110080196,0,2
0:49:21,0:50:14,16,27,27,9094476872419317576,2,0
0:19:11,0:20:22,8,13,13,-581331022897986943,0,1
0:19:18,0:24:25,8,17,17,1083697045295448994,0,2
0:26:52,0:27:42,8,10,10,-7925675912859269761,0,1
0:18:12,0:19:28,8,13,13,-6665425448698153482,0,2
0:20:07,0:22:44,7,14,14,2584729120763144130,0,2
0:16:29,0:17:39,11,17,17,1881645868065517383,0,2
0:23:36,0:24:32,7,19,19,5694535589737710203,0,1
0:17:37,0:18:29,8,21,21,9018119011278864478,0,2
0:20:26,0:21:20,8,20,20,8852235466542199149,0,0
0:25:59,0:28:11,8,19,19,-7908605937696702408,0,0
0:22:51,0:23:45,7,18,18,-8417907961101931997,0,2
0:21:55,0:23:33,10,17,17,1406720095652423023,0,1
0:24:17,0:25:12,7,14,14,-4308474624488726947,1,2
0:24:57,0:26:57,8,16,16,2182760687454415168,1,1
0:19:43,0:22:11,8,12,12,2513099999463147874,0,2
0:21:32,0:22:29,8,17,17,4012490013455070971,0,1
0:17:51,0:18:42,8,9,9,-241774474403832053,0,1
0:30:29,0:32:45,8,14,14,6077175244153812206,1,2
0:15:30,0:16:28,8,14,14,942996343182255897,0,3
0:20:34,0:21:23,8,21,21,7343869708959216553,1,2
0:22:47,0:24:47,9,13,13,-1884387342923331190,0,2
0:15:55,0:17:55,8,17,17,7432875865489893165,0,1
0:20:43,0:22:50,7,21,21,8047933948213970370,0,2
0:29:40,0:30:34,6,17,17,-4825613788512487276,0,5
0:18:36,0:20:38,8,20,20,-4653421584224342561,0,0
0:26:59,0:27:53,8,14,14,-3994860193796460901,0,2
0:26:13,0:27:10,8,26,26,3294146499960423122,0,2
0:21:15,0:22:07,9,17,17,8186401041341996870,0,2
0:15:52,0:16:47,9,11,11,8357743496100278817,0,0
0:14:30,0:16:03,8,15,15,-4145553817343325426,0,2
0:21:09,0:21:59,8,10,10,6299950643657940249,0,1
0:42:46,0:44:19,15,24,24,2565453052628031965,1,0
0:20:35,0:22:16,8,17,17,2117067970691386703,0,1
0:20:34,0:22:17,8,13,13,7743357041968551495,0,3
0:18:14,0:19:56,8,13,13,-975598979876266451,0,2
0:25:03,0:26:57,8,19,19,5437513242305135227,1,2
0:20:40,0:23:53,10,20,20,207883664612436149,0,2
0:22:05,0:23:04,10,15,15,-2016363512696830243,0,0
0:20:50,0:23:46,8,12,12,-3580257920531584981,0,1
0:18:36,0:22:21,8,14,14,4945026385720608926,0,1
0:28:19,0:29:48,8,21,21,5963880992943053234,0,1
0:21:45,0:25:39,9,20,20,4495531126365231060,0,4
0:33:30,0:34:23,10,17,17,-5385494958048593037,0,1
0:24:01,0:24:59,8,18,18,-6498799876667806804,0,0
0:24:16,0:26:48,8,23,23,4553384106431659963,0,0
0:22:57,0:23:51,8,11,11,-2735088005237129128,0,1
0:24:35,0:25:35,8,17,17,4434441578066464820,0,2
0:41:01,0:41:58,9,27,27,-8219293391395237841,1,0
0:19:22,0:20:16,8,20,20,2502990337535046904,0,1
0:27:43,0:28:29,7,17,17,6971922545068971798,0,1
0:27:31,0:28:22,8,13,13,1231720781794563235,0,1
0:20:28,0:21:38,7,16,16,-1872483765108015993,0,2
0:19:34,0:20:28,8,16,16,-78161693029701214,0,1
0:19:15,0:20:08,7,21,21,8287939649208601351,0,3
0:19:59,0:20:52,8,15,15,-6680872352701180769,0,1
0:26:43,0:28:43,8,18,18,-5230648674193758015,0,0
0:21:48,0:25:34,7,10,10,5248112962499705664,0,0
0:21:08,0:25:06,7,12,12,-1401140510584561380,0,1
0:20:37,0:24:55,8,18,18,-7255831353364211400,0,2
0:21:25,0:22:26,8,21,21,2376605964841545793,0,1
0:22:49,0:23:41,10,14,14,-6104139388792447216,0,4
0:25:24,0:26:42,8,15,15,-1851192694110291545,0,2
0:21:41,0:23:11,7,14,14,-3686754337251334316,0,0
0:19:50,0:28:09,8,22,22,-8947404707675494961,1,1
0:14:51,0:15:52,8,17,17,4522822202766872553,0,0
0:27:21,0:28:16,8,12,12,-7947193823438567075,1,1
0:20:30,0:21:23,7,14,14,-901672076005305545,0,1
0:15:58,0:17:19,8,17,17,-6643521509013526823,0,1
0:27:47,0:29:47,8,16,16,-212183883514210083,1,1
0:17:43,0:19:41,8,17,17,-2573058059610222385,0,2
0:14:12,0:16:43,8,11,11,-7189179615486106162,0,0
0:19:15,0:20:03,11,17,17,5269745741493490795,0,2
0:17:28,0:19:13,8,15,15,-5227595713747695413,0,1
0:14:02,0:23:15,8,12,12,8074189353779786641,2,1
0:18:14,0:24:32,8,12,12,7680485054176116469,2,2
0:24:11,0:24:57,8,14,14,-6054723321291739378,0,1
0:16:29,0:17:23,7,19,19,-8232514538554716847,0,0
0:19:05,0:20:19,7,17,17,3503854643590579123,0,0
0:18:27,0:20:20,8,15,15,-8299839803597140416,0,1
0:18:24,0:19:54,8,21,21,-1693683586731108052,0,1
0:22:49,0:26:06,7,12,12,-2556435129598202871,0,2
0:18:22,0:19:54,8,16,16,-1300411893786527839,0,1
0:16:41,0:17:33,7,22,22,1631489265312734427,0,0
0:20:39,0:21:51,9,17,17,6037689328182771430,0,0
0:25:31,0:26:47,8,13,13,6840643166917584676,0,1
0:20:48,0:21:40,8,12,12,-8252156671133475155,0,2
0:18:54,0:20:51,8,15,15,-4866879346908318818,0,2
0:20:58,0:22:29,8,12,12,-5097403054513649770,0,0
0:14:52,0:17:12,7,24,24,-3764433089348864897,0,3
0:17:28,0:21:07,8,18,18,-8565118647633394603,0,0
0:17:00,0:18:15,8,13,13,-1174063426523045306,0,3
0:25:15,0:26:48,11,15,15,-4561533752298511199,1,2
0:14:32,0:17:15,7,16,16,2057684770412967135,0,2
0:24:25,0:26:11,8,12,12,-8346074911892999112,0,2
0:26:49,0:28:03,8,23,23,-2567114849944402665,0,3
0:20:01,0:21:48,9,25,25,-4586324917494490970,0,1
0:14:19,0:15:14,8,16,16,3032114431491969333,0,0
0:21:08,0:22:37,8,11,11,2298230971627812322,0,0
0:27:30,0:29:42,14,14,14,3914355089772333261,0,1
0:16:45,0:18:01,8,11,11,2132516933068740966,0,1
0:17:21,0:18:48,8,11,11,-2662009043702179726,0,3
0:30:15,0:31:04,8,20,20,-7790845792122102799,0,1
0:21:27,0:22:25,9,20,20,2602899266276031570,0,1
0:15:06,0:16:21,8,10,10,-5377095047961732017,0,0
0:22:59,0:23:52,10,19,19,-8556762489297627822,0,1
0:19:16,0:20:08,7,15,15,-1500824424303421722,0,0
0:18:42,0:20:17,8,14,14,-8204648325219945476,0,1
0:24:02,0:24:51,14,21,21,3187226017305467179,0,1
0:14:50,0:16:38,8,10,10,8117501882983354777,0,0
0:18:55,0:20:12,8,18,18,4552027351572146920,0,1
0:12:26,0:13:13,7,11,11,3340452964831131660,0,1
0:23:31,0:25:07,8,10,10,-2296970177846618504,0,1
0:26:09,0:27:20,8,11,11,4958256313375995202,0,1
0:31:18,0:32:03,8,20,20,268661577590736939,0,2
0:21:04,0:22:49,7,29,29,6457918550744842943,0,0
0:20:23,0:21:10,8,12,12,1255193973879033884,0,1
0:20:27,0:22:21,8,26,26,4656468675684944105,0,1
0:26:46,0:27:37,8,15,15,-2266964836819620224,0,1
0:16:56,0:17:54,8,18,18,-5961191279077156687,0,0
0:26:38,0:27:24,8,17,17,2446873713798403128,0,2
0:11:24,0:12:18,7,11,11,-8531689948191561017,0,3
0:25:42,0:26:29,8,20,20,5839246686320064086,0,2
0:27:50,0:29:40,8,17,17,-4441398017539385573,1,0
0:18:19,0:19:47,7,14,14,-1331140653944973080,0,0
0:22:11,0:23:11,12,13,13,-7827464689439538249,0,1
0:15:19,0:16:11,9,17,17,8637885489227300486,0,2
0:21:42,0:23:12,13,15,15,2062559076842582656,0,2
0:21:36,0:22:52,8,9,9,-8207585336786958324,0,3
0:24:46,0:28:31,16,21,21,-1886414631525085344,1,1
0:18:45,0:21:42,9,19,19,2263803955476853172,0,1
0:22:25,0:23:12,20,21,21,-7660699212866897476,0,2
0:14:04,0:14:53,7,12,12,-5693301898156091022,0,1
0:16:02,0:16:53,11,13,13,8976022976471191376,0,2
0:19:35,0:20:26,24,8,8,-2323727061225114340,0,1
0:21:04,0:23:18,15,16,16,-5557397576308904175,0,3
0:17:57,0:18:49,7,10,10,1652208111892923228,0,0
0:23:40,0:24:34,8,26,26,-2422785934470898337,1,3
0:29:05,0:33:28,8,12,12,4757417291209574018,0,0
0:23:37,0:25:07,8,13,13,-9207623819514569565,2,1
0:20:33,0:23:09,8,13,13,1302993078531869926,0,1
0:24:17,0:25:12,7,18,18,2340280912749364606,0,0
0:26:24,0:27:24,8,12,12,9138289310679428747,0,2
0:20:53,0:21:48,8,12,12,7993891559497979717,1,2
0:24:39,0:26:16,8,10,10,6871079977464609023,0,1
0:21:31,0:22:28,8,17,17,2560216380441147310,0,3
0:25:55,0:26:50,7,18,18,-4027472529870303364,0,0
0:23:34,0:24:28,7,14,14,-4511656463573465913,0,1
0:16:36,0:17:29,8,15,15,-4282801886446789931,0,2
0:18:54,0:20:51,8,13,13,8923582767072346370,0,1
0:25:58,0:26:50,10,7,7,-5036155087218326036,0,2
0:17:41,0:18:53,8,20,20,1153210042359342215,0,1
0:17:20,0:18:48,8,16,16,2750208895187806605,0,2
0:25:52,0:29:07,12,21,21,-2184100996217211063,1,2
0:22:49,0:23:37,8,22,22,-4924513019880089406,0,4
0:22:35,0:24:37,7,10,10,8756949598848296032,0,1
0:19:06,0:21:09,7,19,19,7828801224770628490,0,1
0:30:23,0:32:36,8,18,18,-1603400848409277911,0,1
0:15:52,0:18:01,7,16,16,-7006081149773490336,0,1
0:17:31,0:18:19,8,13,13,356453807570525870,0,2
0:14:23,0:17:07,7,18,18,-7704628164580787667,0,0
0:18:29,0:19:22,8,14,14,1684863915547656773,0,2
0:18:10,0:19:06,8,18,18,4172093516986261635,0,1
0:17:14,0:18:07,8,19,19,-7337627994699701161,0,0
0:23:46,0:26:10,9,12,12,-1430835741095607059,0,3
0:19:41,0:23:23,8,14,14,7118214287544679503,0,1
0:22:44,0:23:32,8,17,17,3551176764191951490,0,3
0:17:02,0:23:58,7,17,17,7002594211865217018,0,2
0:23:25,0:26:27,8,15,15,-8613128998045860080,0,4
0:23:47,0:57:18,10,17,17,-1755838139988023172,3,3
0:25:31,0:26:19,10,24,24,-6774393819965996040,0,1
0:19:43,0:21:00,10,17,17,-3581049563596713690,0,2
0:23:01,0:25:26,8,15,15,-4559293866040014490,2,1
0:17:41,0:21:13,9,14,14,-5630930365384469113,0,1
0:18:46,0:19:34,7,12,12,6862667353676770637,0,0
0:18:10,0:19:44,8,9,9,-1912026522787509283,0,0
0:18:36,0:19:48,9,14,14,3285956947326157369,0,0
0:19:25,0:20:37,8,15,15,3291007008813149243,0,6
0:15:46,0:17:18,9,15,15,-7654080689684910964,0,2
0:19:24,0:20:13,8,18,18,3833307240230383302,0,4
0:19:58,0:20:52,8,12,12,1420615967239352899,0,1
0:16:50,0:17:40,8,14,14,-5550053556624088517,0,2
0:21:59,0:22:50,8,10,10,1935947115781024633,0,0
0:18:58,0:20:17,8,20,20,-7713743921163599434,0,3
0:19:47,0:20:43,8,12,12,-2899918259075622124,0,0
0:24:53,0:25:50,8,16,16,3871114412324966381,0,0
0:26:25,0:27:17,8,12,12,7132861455654341736,0,1
0:16:09,0:30:04,8,11,11,2328409167379343193,1,2
0:19:13,0:20:05,8,27,27,3593756594294802083,0,2
0:18:57,0:21:15,9,16,16,-5724163588184453657,0,0
0:23:55,0:27:19,8,13,13,3254235765452952319,0,2
0:15:26,0:16:20,8,14,14,-7892614430690330593,0,1
0:15:51,0:17:43,8,16,16,6482159533698309474,0,3
0:19:18,0:20:57,8,15,15,-4690935254842461186,0,1
0:20:53,0:23:27,8,15,15,-3812844698884051753,0,1
0:20:00,0:20:54,8,21,21,6108471019299105744,0,2
0:19:47,0:23:00,8,14,14,4770812703668542241,0,1
0:14:39,0:16:22,7,16,16,-9083740546210895303,0,1
0:20:46,0:22:22,8,13,13,324491373438481179,0,4
0:17:04,0:18:18,8,14,14,-8762782530299691333,0,1
0:30:53,0:32:13,8,15,15,-9099164726184878728,0,2
0:23:46,0:27:15,7,23,23,-2156831325867274761,0,1
0:17:35,0:18:28,8,18,18,6027386006421786521,0,3
0:23:53,0:26:33,8,11,11,7846878359325043447,1,0
0:16:17,0:17:09,7,18,18,2019488386291541955,0,0
0:15:16,0:16:05,8,19,19,-1208117508270326100,0,0
0:18:34,0:19:29,8,16,16,1109189111340876319,0,2
0:23:31,0:24:20,8,21,21,-1663166627982016601,0,1
0:14:04,0:15:38,8,14,14,-7031084266548731556,0,1
0:14:37,0:16:19,8,5,5,8015480576250260342,0,2
0:18:41,0:19:35,8,14,14,1356762941792608903,0,1
0:21:38,0:24:30,8,15,15,-660711573601957360,0,1
0:19:11,0:22:58,8,17,17,7451049471151840533,0,0
0:21:19,0:22:32,8,15,15,-4789433770036719637,0,2
0:12:23,0:14:21,8,13,13,7218181262641350113,0,3
0:17:32,0:18:23,8,26,26,-5394333348246355839,0,1
0:19:15,0:20:34,8,21,21,7233713933155420259,0,2
0:15:13,0:17:47,8,11,11,6680297114323486079,0,0
0:22:37,0:25:00,8,15,15,-8542207040873814002,0,1
0:23:48,0:24:42,8,15,15,-7939596430859292369,0,1
0:21:26,0:22:27,9,19,19,7423757360691837818,0,1
0:23:38,0:24:27,8,21,21,-9195680225884206050,0,0
0:14:45,0:15:42,8,13,13,4820767238235337409,0,1
0:20:38,0:22:00,9,16,16,8588352494343356128,0,1
0:20:37,0:21:25,8,13,13,4014292101939501250,0,1
0:20:28,0:22:18,9,16,16,329312075061924578,0,1
0:27:38,0:30:37,9,16,16,7529464584343669620,0,1
0:18:32,0:20:10,8,17,17,8830343977901228991,0,2
0:19:10,0:20:10,8,19,19,-7007824074576324378,0,1
0:17:12,0:19:04,7,15,15,-8186450497701743753,0,1
0:27:48,0:28:42,8,14,14,6672021278865122650,0,3
0:22:47,0:23:58,7,14,14,-1687919016792654913,0,1
0:19:41,0:20:34,8,15,15,-1198599254173354810,0,0
0:18:20,0:20:34,8,19,19,-1822288074042018842,0,1
0:20:15,0:21:08,7,17,17,6961984054311205033,0,1
0:23:31,0:31:12,8,17,17,-7778543674181045962,0,1
0:19:37,0:20:25,8,11,11,-8159845120530322498,0,1
0:27:28,0:28:59,9,5,5,8582553722325307444,0,0
0:18:01,0:19:53,8,17,17,-7559423396973599624,0,0
0:17:41,0:20:21,13,18,18,7220427836247387514,0,1
0:31:02,0:31:50,8,14,14,-6536381256658360076,0,1
0:28:50,0:29:40,8,13,13,-8702903814480647578,1,2
0:14:24,0:15:51,8,15,15,4947438295130634823,0,0
0:17:06,0:18:02,8,20,20,6440504836453466806,0,1
0:17:52,0:22:41,8,16,16,-882739068338335283,0,0
0:17:28,0:18:21,8,15,15,2719315995761238041,0,2
0:14:28,0:16:18,8,15,15,-588655812531668138,0,0
0:27:53,0:29:31,8,13,13,1635258137713344601,0,0
0:17:20,0:21:10,11,20,20,4248681142422885343,0,0
0:22:15,0:23:34,9,11,11,-7734359489381065289,0,0
0:19:26,0:21:07,7,18,18,2422130619710095699,0,0
0:17:25,0:18:14,11,14,14,6377318270562775581,0,0
0:20:23,0:21:42,8,12,12,-5577889482338813066,0,0
0:18:34,0:19:52,9,15,15,-5786251474075039702,0,0
0:20:22,0:22:27,8,14,14,4371176741071636961,0,1
0:20:04,0:21:27,9,18,18,2341589209948758296,0,1
0:28:35,0:29:30,15,18,18,-4860157002992093860,0,1
0:38:42,0:41:45,8,14,14,-1610961056274624397,0,2
0:18:32,0:20:45,7,14,14,-3904947574264901889,0,0
0:22:11,0:24:29,8,13,13,-5092826318106390761,0,0
0:19:09,0:20:30,8,12,12,4779250258192898524,0,0
0:28:43,0:29:38,7,20,20,-858668373118228421,0,0
0:22:27,0:24:57,9,13,13,2046180486152782163,0,1
0:18:20,0:19:15,8,14,14,949869541650015425,0,1
0:20:09,0:25:02,8,12,12,-5851671478638121784,0,1
0:18:13,0:20:33,6,18,18,6835455681414628549,0,1
0:20:32,0:21:20,8,8,8,-8346289005380258612,0,1
0:21:26,0:23:37,12,14,14,6766451858124178161,0,3
0:39:25,0:40:22,14,23,23,575628762654263127,2,2
0:28:46,0:29:41,8,23,23,1428593346213950797,0,0
0:16:38,0:18:09,8,16,16,-2958267423829577777,0,1
0:26:17,0:28:23,11,17,17,1126314954242082476,1,2
0:19:09,0:20:05,8,13,13,-9111345517516059541,0,1
0:19:57,0:21:37,7,8,8,5488987660603325838,0,2
0:20:38,0:21:31,7,21,21,1892022805453641483,0,0
0:18:46,0:20:46,7,13,13,-3906179659527499377,0,3
0:17:17,0:18:49,8,18,18,2399057367935886464,1,1
0:28:16,0:29:09,8,15,15,1698525190278538268,0,1
0:19:25,0:22:21,8,13,13,-5665257896891760745,0,1
0:23:11,0:25:00,8,19,19,7735822469088779260,0,0
0:19:13,0:20:06,8,12,12,1012624116038211161,0,1
0:17:59,0:20:02,8,9,9,-8424889096245658213,0,1
0:21:28,0:22:23,8,15,15,-2250252845007550954,0,1
0:13:50,0:14:38,8,15,15,-1211373858021148467,0,3
0:35:33,0:36:37,18,19,19,-5498733701781141624,2,1
0:22:57,0:25:09,8,25,25,-3705327826503671421,0,1
0:20:41,0:22:40,8,15,15,-6701570700301920378,0,1
0:19:45,0:20:40,8,16,16,-5536663171760508903,0,0
0:22:24,0:24:25,7,14,14,7612836807686435478,0,2
0:19:04,0:20:01,8,10,10,1986315589630891974,0,1
0:16:36,0:19:52,8,17,17,-4252136426156110958,0,0
0:23:05,0:24:02,8,20,20,-5843024495148427421,0,0
0:21:54,0:28:33,8,17,17,1876965451730984837,0,0
0:20:32,0:21:52,7,16,16,-5390644872316015143,0,1
0:34:42,0:38:18,13,22,22,-3495164135625660540,1,3
0:30:42,0:32:31,10,11,11,3802603149837690382,1,0
0:25:19,0:26:11,8,12,12,1431682615349816871,1,0
0:21:28,0:23:06,8,25,25,-8839332212440010246,0,0
0:19:02,0:20:16,8,16,16,7133049590141593868,0,0
0:24:28,0:25:19,8,16,16,-4168035932772390290,0,0
0:15:57,0:16:47,8,16,16,-4594230617394793837,0,0
0:21:45,0:22:35,7,12,12,-3554970163618677085,0,1
0:33:24,0:34:13,8,21,21,8912725320992391228,1,1
0:18:45,0:20:40,8,14,14,2872838470926328858,0,1
0:23:03,0:24:31,7,16,16,-8528801625913372058,0,1
0:32:10,0:34:12,7,15,15,-3830358411573047371,0,1
0:18:56,0:19:49,8,17,17,-3183128218217177795,0,0
0:21:37,0:22:28,8,28,28,9086062300898201419,0,2
0:23:02,0:23:51,8,11,11,-8738857697774720275,0,1
0:19:54,0:20:47,9,12,12,-3432141962608102678,0,4
0:19:45,0:22:19,8,17,17,-6042379155984093786,0,2
0:19:07,0:19:57,8,13,13,-505675699179518954,0,3
0:23:57,0:24:47,8,16,16,2401143825395187186,0,0
0:28:28,0:29:18,7,20,20,1574151117720097656,1,3
0:17:08,0:19:33,7,16,16,1564784463638514776,0,0
0:14:42,0:15:31,8,10,10,-4812016160247089546,0,1
0:27:01,0:27:52,8,12,12,6961086013863528858,0,1
0:22:07,0:23:00,8,14,14,8843503116462795937,0,2
0:21:45,0:22:38,7,24,24,3874124045774995427,0,2
0:19:48,0:20:50,8,13,13,2491042750289291464,0,1
0:26:06,0:26:54,8,10,10,-7713018193878513333,0,5
0:21:46,0:22:34,7,17,17,-8934217532952211290,0,0
0:15:29,0:16:22,8,14,14,-6747985236381875598,0,1
0:20:28,0:21:38,8,14,14,-4615937940573461015,0,0
0:23:33,0:24:52,7,15,15,2632607495414396630,0,0
0:27:31,0:28:47,7,13,13,-6167731050980429033,0,1
0:19:23,0:20:16,8,22,22,5958987892412756779,0,1
0:27:06,0:28:22,8,15,15,5193030558239435512,0,4
0:19:42,0:24:25,8,14,14,-3710012456306089984,0,1
0:19:18,0:20:08,8,14,14,1283543001808033001,0,2
0:24:53,0:25:47,8,24,24,-4726768401620337908,0,2
0:24:45,0:25:38,9,17,17,1818075565547541378,0,0
0:22:39,0:23:31,7,12,12,4429405490590634865,0,2
0:23:46,0:25:12,8,20,20,2422538396953496669,1,0
0:21:53,0:22:42,8,15,15,7814668099525551311,0,1
0:19:37,0:21:11,8,13,13,-1230438111480701825,0,0
0:24:03,0:27:03,10,3,3,2332473947414658477,0,1
0:26:20,0:27:09,7,11,11,-7919026049474475538,1,0
0:19:07,0:23:04,8,10,10,8180292204632885041,0,0
0:18:59,0:19:53,7,16,16,817784391394435517,0,3
0:15:52,0:18:50,8,12,12,-7884526392757400085,0,2
0:19:56,0:21:10,8,15,15,2372803653048526046,0,0
0:14:29,0:17:18,7,15,15,-3024871296605175667,0,1
0:18:59,0:19:53,9,15,15,-9215632429461570323,0,0
0:19:42,0:22:49,8,16,16,720577879127242833,0,1
0:18:21,0:19:14,7,14,14,1605123333463436407,0,2
0:17:49,0:18:36,6,17,17,6236926680789966206,0,2
0:17:55,0:18:43,7,12,12,4017803404334335839,0,0
0:16:52,0:18:58,8,13,13,-8827871184477474004,0,0
0:17:54,0:19:08,8,12,12,-7708567153674467571,0,2
0:16:42,0:18:22,7,9,9,8731081829804195962,0,1
0:16:06,0:17:22,8,18,18,-7825781498080799988,0,0
0:16:49,0:17:59,8,12,12,3318994848394290966,0,1
0:17:58,0:19:29,6,13,13,7894203459101517099,0,1
0:21:58,0:22:44,7,13,13,176170818569412408,0,0
0:23:35,0:24:25,10,21,21,-6562381216636081593,0,2
0:19:39,0:21:18,8,12,12,6528919614596033877,0,0
0:44:16,0:45:10,8,13,13,-556024222321592312,0,2
0:20:04,0:21:00,8,21,21,2121275422202552777,0,0
0:18:51,0:19:39,15,15,15,-1797048652757827824,0,0
0:28:49,0:29:37,9,17,17,8809607975144012355,0,2
0:20:27,0:21:47,8,19,19,-3795464150207966154,0,1
0:19:07,0:19:56,8,14,14,-4170364707458882948,0,1
0:16:05,0:18:46,8,12,12,-8853772092037181459,0,2
0:20:09,0:21:21,12,14,14,-666194248214406687,0,0
0:28:45,0:31:53,8,13,13,5589797982691082261,1,1
0:15:44,0:16:36,7,13,13,1548744855257165095,0,0
0:28:59,0:29:50,8,17,17,2059817073862999148,0,0
0:16:48,0:19:34,8,16,16,7543658708791934647,0,2
0:16:16,0:17:14,7,13,13,-164212645022503187,0,1
0:19:07,0:19:57,7,16,16,-1288021850945018079,0,4
0:20:15,0:21:56,8,14,14,-8693221510358959011,0,0
0:25:27,0:26:19,16,18,18,701625772399650230,0,2
0:25:25,0:26:39,8,14,14,-8239261836856283998,0,0
0:15:03,0:19:47,7,18,18,417269772485178252,0,1
0:20:37,0:22:12,8,14,14,-3011186976034967023,0,2
0:18:34,0:20:57,8,15,15,-5959306050278452874,0,0
0:26:24,0:27:41,7,13,13,2061349203789410646,0,2
0:24:43,0:26:52,8,18,18,268021846470989471,0,4
0:31:56,0:32:48,8,15,15,-2618023457004143681,1,1
0:20:45,0:21:36,8,12,12,-7664941310661808970,0,3
0:20:43,0:22:32,9,18,18,-5887707653181855230,0,2
0:26:10,0:44:40,10,17,17,-5878423876697265489,1,1
0:20:39,0:22:02,8,18,18,-7853583357812705922,0,0
0:20:44,0:22:23,9,12,12,3705237438659790796,0,1
0:43:16,0:44:32,8,13,13,-2891865278125295940,1,2
0:21:38,0:24:09,16,14,14,-6403772051816906879,0,2
0:21:22,0:22:41,7,13,13,-7475151322554821463,0,1
0:21:15,0:24:19,8,15,15,-1421638151179428735,0,1
0:17:47,0:20:28,8,14,14,4752186895302320334,0,2
0:26:17,0:27:14,8,13,13,1631159603422670723,0,2
0:22:16,0:23:03,8,12,12,8500846178907942218,0,1
0:18:51,0:19:42,8,21,21,-4301699212540763555,0,2
0:23:13,0:24:01,8,17,17,-1965604833818593835,0,0
0:17:16,0:18:55,8,19,19,-5157521720890858798,0,0
0:24:15,0:25:08,8,12,12,7961325899734268086,0,2
0:21:09,0:25:50,8,13,13,8867835236379297019,0,1
0:17:14,0:18:08,9,11,11,-4840155693052402779,0,4
0:17:02,0:17:54,8,11,11,-2730846918420076301,0,1
0:20:50,0:21:38,8,14,14,-1643959302684941810,0,0
0:32:06,0:34:54,9,17,17,53828865009698646,0,3
0:22:25,0:23:18,9,23,23,-1094258451397901790,0,0
0:24:20,0:25:35,8,14,14,6326314953721125255,0,2
0:35:20,0:36:17,8,24,24,4796013633364150056,0,1
0:17:00,0:17:51,8,19,19,8857262822462432047,0,1
0:25:33,0:26:51,8,22,22,-65824985189146998,0,2
0:19:04,0:20:13,9,11,11,3779930935368102925,0,4
0:19:53,0:21:08,8,13,13,2950759951393941157,0,1
0:15:35,0:17:06,8,13,13,6750354558922176910,0,3
0:24:32,0:26:01,8,16,16,-4263544629730122877,0,1
0:20:32,0:21:24,8,12,12,2317532021897097848,0,0
0:19:01,0:20:53,8,10,10,5986120572702337576,0,1
0:25:09,0:26:04,8,11,11,3387033372115002105,0,1
0:14:33,0:15:28,7,17,17,7352298343296411169,0,0
0:23:50,0:25:49,8,18,18,-6631637169125619087,0,2
0:23:56,0:24:53,8,16,16,-4933387795565388197,0,0
0:21:51,0:24:22,14,17,17,-8858732952027266513,0,3
0:20:11,0:21:05,8,19,19,4207472350100576919,0,1
0:21:36,0:22:26,8,18,18,2140598645657687902,0,3
0:22:35,0:27:25,8,18,18,-5898215041941838845,0,3
0:28:53,0:31:55,10,3,3,2667981078851255310,0,1
0:29:49,0:33:29,12,18,18,4442521661018943482,1,0
0:31:52,0:33:12,11,18,18,3344067650351389818,1,0
0:23:14,0:24:29,8,14,14,-3914592982382657228,2,1
0:20:49,0:22:56,17,21,21,906986951070677218,0,2
0:19:47,0:20:39,8,13,13,5834807533334867140,0,3
0:28:04,0:29:17,8,24,24,5025422698944678406,3,1
0:24:53,0:25:43,8,10,10,5930228441743780747,0,0
0:33:44,0:34:37,8,15,15,6632643484480568640,1,2
0:18:48,0:20:33,8,18,18,-492622856019872175,0,0
0:20:29,0:23:21,9,20,20,-2221116325145273098,0,1
0:30:29,0:31:41,8,18,18,8919511470130680321,0,0
0:27:54,0:29:38,8,12,12,5630557302443745750,0,2
0:17:45,0:18:34,8,16,16,8179340030217459330,0,3
0:18:26,0:19:55,7,16,16,-7164052931335416364,0,2
0:35:05,0:36:15,8,20,20,-5529706258484979582,0,1
0:22:32,0:23:51,8,14,14,-2874608367645916561,0,1
0:17:24,0:18:19,10,15,15,-6250229885397276696,0,1
0:26:11,0:28:45,8,14,14,-1537152749149587602,0,2
0:16:15,0:19:20,8,16,16,-7567314790008870043,0,0
0:31:31,0:32:20,8,20,20,-1920772508838096839,0,0
0:20:03,0:21:59,8,17,17,7673061426180873981,0,1
0:21:19,0:22:18,8,13,13,-5898120482294378999,0,3
0:20:15,0:22:22,8,15,15,4713764223809883493,0,1
0:25:03,0:25:54,8,22,22,5342759521884370405,0,2
0:31:33,0:32:53,8,4,4,2956999102849213103,0,2
0:32:15,0:34:29,8,18,18,934067867887416908,0,1
0:40:49,0:43:05,9,22,22,7156807180825801767,1,0
0:18:05,0:18:56,8,17,17,-34089667151020114,0,1
0:23:49,0:25:33,7,18,18,-8906224204898359231,0,4
0:22:13,0:24:09,9,22,22,7665423057098885536,0,3
0:16:43,0:17:33,8,12,12,-6364343563435151450,0,3
0:20:06,0:21:19,8,16,16,-7557803047493939351,0,2
0:28:52,0:29:45,7,19,19,-6281390362018321851,1,1
0:17:37,0:18:33,9,16,16,-5957865664195135948,0,1
0:22:50,0:24:53,8,15,15,-3932620013920320408,0,1
0:19:55,0:20:47,8,10,10,-6126541655104364269,0,0
0:25:49,0:28:06,8,19,19,-6315876101255241324,0,1
0:18:28,0:19:23,8,12,12,-1659845249153260215,0,0
0:22:43,0:24:38,9,22,22,-2583761971667259790,0,1
0:20:20,0:23:42,9,15,15,-3643850428617912320,0,2
0:24:19,0:25:17,8,15,15,-8454934106466410361,0,2
0:21:43,0:22:52,7,12,12,828700831334581473,0,1
0:21:31,0:23:12,8,14,14,2387852787747636389,0,3
0:18:44,0:19:37,9,12,12,6606566828410557651,0,0
0:20:17,0:21:32,8,16,16,6087685785249122835,0,1
0:25:49,0:27:02,8,23,23,5964809385850821061,0,2
0:21:20,0:22:13,8,17,17,-6244281264498109598,0,1
0:21:55,0:22:45,8,13,13,-5512138080121840006,0,0
0:13:35,0:15:39,8,11,11,513913481661786020,0,0
0:21:02,0:21:54,8,20,20,-8594966598048227958,0,1
0:19:17,0:21:27,8,12,12,-4114572032804188157,0,2
0:18:47,0:19:35,8,10,10,5934320358918921794,0,2
0:23:52,0:24:53,8,13,13,-4190436659059311896,0,3
0:22:05,0:23:33,8,17,17,1480821909820840784,0,0
0:17:30,0:18:20,7,17,17,-5937078263699715620,0,2
0:19:11,0:20:04,8,17,17,5998507838492564140,0,1
0:19:08,0:20:12,21,20,20,-1883803716603336344,0,0
0:15:31,0:22:13,8,11,11,6935467665494833580,1,2
0:18:46,0:21:42,8,20,20,-4229619829263092988,0,0
0:21:54,0:23:07,8,15,15,2166598706584170817,0,0
0:18:50,0:19:47,8,16,16,699626369535648275,0,2
0:22:16,0:23:40,8,15,15,-2858113664098735167,0,2
0:25:22,0:26:36,10,5,5,-2752019995354910122,0,2
0:18:08,0:19:54,8,11,11,-7938593147120107862,0,0
0:27:39,0:28:53,16,13,13,5424130529991855012,1,1
0:19:41,0:20:29,8,17,17,-7886719521116585181,0,2
0:19:30,0:20:17,8,15,15,-808921705527721052,0,0
0:21:11,0:25:37,10,18,18,7426468152999049632,0,1
0:25:25,0:28:13,9,11,11,8140684042517542125,0,1
0:19:57,0:20:49,8,21,21,-4369439020355111865,0,1
0:17:37,0:20:00,8,14,14,6529446041366448874,0,1
0:20:44,0:21:49,8,20,20,-3324122162550633462,0,0
0:24:35,0:25:34,8,19,19,-6490230497929176842,0,0
0:28:19,0:32:48,7,19,19,-7167821031451786595,1,0
0:16:37,0:20:13,8,21,21,2104315162119502907,0,1
0:24:00,0:24:51,8,15,15,1371693637843377261,1,1
0:14:41,0:15:35,8,12,12,3517019693343456481,0,1
0:22:20,0:23:21,8,19,19,-2260953420964923564,0,0
0:19:18,0:20:12,8,15,15,-3251199910862328140,0,2
0:12:46,0:13:28,6,15,15,-4890885620761362476,0,2
0:21:48,0:23:23,8,11,11,9175976363208079045,0,1
0:21:07,0:21:54,8,15,15,-5361477094951018349,0,3
0:23:31,0:36:00,8,27,27,9176912943111721871,1,0
0:22:25,0:23:46,8,18,18,-5527841047182975031,0,2
0:22:37,0:23:29,8,15,15,-288558572976663732,0,1
0:32:43,0:34:52,8,12,12,-5641095769953018902,1,0
0:23:06,0:24:23,8,18,18,7657426472253176141,0,0
0:25:01,0:25:49,15,25,25,-2760231024280645202,0,0
0:28:27,0:29:28,8,16,16,-3020984565533591812,1,2
0:17:19,0:18:12,6,12,12,2152167496954143050,0,2
0:19:00,0:22:19,8,12,12,4723228145897505282,0,1
0:19:24,0:20:16,8,13,13,5583360638246785174,0,2
0:24:50,0:26:46,8,11,11,4023564299742672446,0,0
0:18:28,0:19:16,8,12,12,7112128624464973648,0,2
0:19:41,0:20:33,8,15,15,-6166143181687751209,0,1
0:17:52,0:18:45,7,12,12,1648432141165200004,0,3
0:20:03,0:22:49,8,12,12,-2575503612636157963,0,4
0:23:44,0:24:37,9,21,21,-399842899947079149,0,1
0:24:49,0:42:55,11,4,4,8661625089477776948,1,0
0:20:12,0:22:03,8,18,18,-19980853909240586,0,3
0:14:46,0:18:37,7,16,16,2741866550238588842,0,0
0:19:05,0:20:42,8,14,14,-3322417967058217572,0,3
0:40:01,0:40:59,8,16,16,-3359831832299251591,0,2
0:19:47,0:21:58,8,12,12,3547924493828077259,0,0
0:25:20,0:26:13,8,15,15,-1377107795691889204,0,1
0:23:31,0:24:47,8,16,16,6931103952162068656,0,0
0:19:06,0:20:01,8,14,14,-6666296947065408133,0,2
0:15:23,0:16:53,8,16,16,3622639707452239367,0,0
0:18:03,0:20:23,8,12,12,2628973673353491543,0,0
0:21:51,0:22:43,9,18,18,3036784140228354652,0,1
0:18:34,0:19:21,8,12,12,4839682955440639577,0,1
0:22:54,0:23:40,8,21,21,3682133215688330229,0,0
0:16:34,0:17:23,10,12,12,1918223444223564474,0,1
0:17:25,0:18:16,8,11,11,-4406824316577292587,0,3
0:23:07,0:30:16,8,14,14,-1275055507993660955,0,1
0:24:44,0:26:27,8,11,11,4441474170500203844,0,1
0:15:56,0:18:54,8,12,12,-8423887375283489735,0,1
0:20:58,0:22:48,8,20,20,7796064869352646641,0,2
0:25:56,0:26:44,8,22,22,8298830932429730309,0,0
0:22:13,0:23:17,8,14,14,3745737343465570927,0,0
0:20:57,0:24:20,25,16,16,8651526845899135972,0,2
0:27:32,0:30:43,8,11,11,3144543755548981715,1,1
0:25:34,0:26:42,8,22,22,-8494198353303064925,0,1
0:27:49,0:28:41,7,17,17,-4161497214344646658,0,3
0:34:46,0:36:52,8,16,16,5740552254356259281,0,2
0:21:12,0:22:04,8,10,10,-5607876225657851479,2,2
0:25:18,0:26:20,9,22,22,-3187356424302293688,0,1
0:28:32,0:29:25,9,10,10,-4238090050735255232,0,1
0:20:35,0:21:48,11,19,19,-3658856153917310229,0,2
0:16:43,0:18:49,8,17,17,6612446045588699168,0,2
0:20:36,0:22:24,8,17,17,5173936112090815804,0,1
0:21:22,0:23:51,15,13,13,8463766308669339514,0,1
0:53:13,0:55:21,15,17,17,-161439234654637842,0,2
0:21:09,0:22:16,8,23,23,-7330765999143855193,0,0
0:23:45,0:27:54,8,11,11,-6077153717626259668,0,2
0:20:42,0:21:56,8,16,16,-5922299446604662355,0,2
0:34:35,0:36:06,9,21,21,-7465648718780942370,0,1
0:18:09,0:19:02,9,15,15,-3160955968878549637,0,2
0:22:26,0:24:05,8,16,16,2156017061043738214,0,0
0:19:21,0:20:13,8,16,16,4850328818939194672,0,2
0:13:44,0:14:35,11,21,21,7968975570650074283,0,2
0:21:55,0:22:48,8,17,17,3564591359279748584,0,0
0:18:55,0:29:04,7,14,14,605930399609325680,1,1
0:22:32,0:25:24,8,13,13,1557764074012424551,0,1
0:18:33,0:19:33,8,17,17,7467169780266299033,0,2
0:19:54,0:20:59,8,19,19,3253115932091557879,0,1
0:17:13,0:18:00,8,21,21,9152721073138940782,0,0
0:20:19,0:21:18,8,17,17,-1699773695884852199,0,1
0:20:02,0:21:01,8,11,11,2006556612579772903,0,2
0:22:45,0:24:14,15,12,12,1759527143160566936,0,1
0:17:21,0:19:34,7,18,18,3222269031092876912,0,3
0:25:31,0:26:59,8,17,17,-7282540409936322866,0,3
0:13:09,0:14:48,8,14,14,-6157307169917743248,0,0
0:22:33,0:23:57,8,16,16,6913887496634160492,0,0
0:26:15,0:27:20,8,12,12,-7559330495735487553,1,3
0:19:04,0:20:06,8,14,14,1053920352711715355,0,0
0:25:56,0:27:44,9,13,13,-8878849285407623040,0,1
0:20:08,0:21:03,8,13,13,-5575955199995930850,0,1
0:31:19,0:33:21,7,12,12,7554237473243003527,0,0
0:23:41,0:24:33,7,16,16,-3528792835696679257,0,1
0:22:06,0:24:08,7,14,14,2781953306232588246,0,1
0:24:00,0:25:48,8,13,13,-3820635108011083567,0,0
0:23:07,0:24:09,8,15,15,6774756448623686045,0,3
0:15:24,0:17:16,9,17,17,1521633917290714288,0,2
0:27:04,0:29:39,8,19,19,837711034123896105,1,1
0:16:35,0:17:25,9,13,13,4784010961232956095,0,1
0:21:18,0:24:13,8,19,19,-8094772017942162849,0,2
0:28:28,0:29:18,8,12,12,-29352204243143207,0,1
0:21:18,0:22:05,7,19,19,-7863087259672220015,0,2
0:19:31,0:20:21,8,14,14,-8770118074195161814,0,1
0:19:39,0:20:56,8,22,22,-3314028586371651788,0,1
0:24:37,0:26:03,8,24,24,-25040805297146153,0,0
0:26:30,0:27:25,16,11,11,2648417397042810024,1,1
0:17:28,0:18:22,8,15,15,-8859790736132328965,0,0
0:17:30,0:18:22,7,19,19,6242840263258075608,0,1
0:17:38,0:19:49,11,22,22,6269450089946268314,0,4
0:17:53,0:18:50,8,15,15,2289275039683786943,0,2
0:33:18,0:34:46,9,17,17,1645850468242168996,1,3
0:25:20,0:27:00,8,13,13,6656645320119471368,0,3
0:18:51,0:21:07,7,20,20,-5235556076537117677,0,4
0:23:35,0:27:39,8,20,20,5938447556384945229,0,1
0:23:34,0:24:33,8,34,34,4171307399767307729,0,2
0:33:39,0:34:59,8,15,15,1817464137095428775,0,0
0:25:17,0:26:10,9,22,22,-7598379038300865261,0,0
0:24:34,0:26:10,10,19,19,-228728399884988870,0,0
0:17:42,0:18:37,8,17,17,407447206463927485,0,1
0:19:14,0:20:06,8,11,11,4389428852902880081,0,0
0:21:43,0:22:36,8,14,14,-8080381027881597977,0,1
0:20:56,0:23:40,7,10,10,-1891872821191501689,0,2
0:18:22,0:19:40,8,13,13,-3384950430357888787,0,1
0:18:11,0:19:07,8,16,16,2351289985192377423,0,2
0:27:33,0:29:10,8,13,13,2296153394005299289,1,2
0:17:46,0:19:41,8,20,20,4367352768533648204,0,3
0:27:37,0:29:58,8,19,19,8386739390885430541,0,3
0:24:29,0:26:10,8,15,15,4540599499891926554,0,4
0:19:12,0:20:14,8,15,15,246733869388930368,0,1
0:19:18,0:20:14,8,18,18,-1181401669840208695,0,1
0:17:17,0:18:09,7,13,13,-8048380737650714774,0,2
0:17:12,0:18:43,8,15,15,2534457628045589289,0,0
0:15:03,0:16:20,8,14,14,-2067936226571754382,0,2
0:21:50,0:23:48,7,15,15,932743389334951651,0,1
0:26:10,0:27:45,8,18,18,4005634009303484705,0,2
0:18:53,0:20:56,8,13,13,-8899250605421481902,0,1
0:25:02,0:25:53,8,21,21,4629466838389676301,0,2
0:19:45,0:20:35,8,16,16,-2404767001287820813,0,1
0:16:01,0:17:45,6,8,8,-4701549926145149857,0,1
0:23:53,0:24:43,8,15,15,-7219122470624419636,0,3
0:14:58,0:16:39,7,15,15,-6206786951115332012,0,2
0:25:14,0:26:03,8,10,10,-7459145851361312902,0,4
0:23:07,0:23:54,9,20,20,-1248261727555417969,0,0
0:21:35,0:22:29,8,19,19,8080010715715714709,0,1
0:21:42,0:22:45,8,14,14,-405234884605863355,0,1
0:24:50,0:25:44,8,17,17,-5785213780325011013,0,0
0:21:05,0:26:10,7,18,18,-1974998751736900763,1,0
0:17:06,0:17:59,8,15,15,-2830259709758191648,0,1
0:19:54,0:21:09,8,14,14,-4058682104289718125,0,2
0:17:13,0:18:14,8,12,12,-2235709194413589931,0,1
0:21:02,0:21:52,8,17,17,7044758397836452132,0,3
0:31:36,0:32:28,8,14,14,6473701059445940884,0,0
0:25:57,0:27:25,12,16,16,4544855726094605802,1,3
0:19:02,0:19:54,11,12,12,-8493921583455162459,0,1
0:17:41,0:19:58,8,18,18,7634746273101504141,0,1
0:15:59,0:24:40,8,10,10,-7564517071437056462,1,0
0:18:25,0:21:09,8,20,20,-3629548483476152818,0,0
0:18:21,0:35:08,8,13,13,-2648583053438381183,2,3
0:15:25,0:17:13,8,10,10,5949538019145955240,0,0
0:17:47,0:18:40,8,14,14,2143608134658194639,0,1
0:21:06,0:21:55,7,21,21,4690429100034546046,0,1
0:21:53,0:26:59,8,18,18,-4513300042704930702,0,2
0:23:07,0:24:02,8,16,16,-2452828617105851104,0,0
0:17:50,0:18:50,8,22,22,6392126435159565643,0,0
0:21:59,0:24:09,8,16,16,7048643323841507364,0,0
0:17:50,0:18:46,8,14,14,-2835541259253490749,0,2
0:20:11,0:22:47,8,21,21,-7724309489358444975,0,0
0:31:18,0:35:33,8,16,16,-4924983581465490023,1,1
0:19:06,0:21:02,7,19,19,8595202232916749623,0,0
0:38:20,0:40:57,8,17,17,1806165840955514841,0,3
0:27:17,0:28:06,8,19,19,-3793815089081300919,1,1
0:21:42,0:24:29,8,14,14,-6966179757764255572,0,4
0:22:21,0:23:32,8,11,11,-7302044030613456903,0,2
0:19:12,0:21:17,8,21,21,9076207957956775939,0,1
0:27:01,0:30:10,7,13,13,-4958781606326651692,1,0
0:19:02,0:21:11,8,16,16,5870845818979228249,0,0
0:23:23,0:24:28,8,19,19,-5925040089565852960,0,1
0:18:51,0:19:44,8,17,17,-2339842077135808656,0,2
0:17:47,0:30:01,11,12,12,-9149876463822689532,1,1
0:21:08,0:21:57,7,17,17,2257214649436895642,0,2
0:25:13,0:26:31,9,16,16,-828560225482835214,0,2
0:21:23,0:24:51,8,17,17,-4549899179123284523,0,1
0:19:54,0:20:48,8,16,16,-4716537178931612015,0,2
0:37:16,0:38:12,40,33,33,-4576501705417551866,1,0
0:23:13,0:24:59,8,22,22,-7848069518260250730,0,1
0:16:24,0:17:20,7,16,16,3358447060590448534,0,0
0:26:38,0:27:28,8,11,11,6828341935465700075,1,1
0:17:36,0:24:09,7,9,9,2522938137761140872,0,0
0:24:05,0:24:56,8,13,13,-9165407307241354514,0,3
0:21:35,0:25:08,17,13,13,-5749289159635700768,0,4
0:18:05,0:18:53,8,15,15,7516491842946216861,0,0
0:15:27,0:17:06,8,17,17,2555568383592405214,0,4
0:21:53,0:25:28,8,19,19,-7370461898187207260,0,0
0:22:33,0:23:23,8,15,15,1190961440814039767,0,1
0:18:21,0:19:57,7,13,13,1017685447919739464,0,0
0:19:07,0:19:57,7,17,17,-6014763602417886048,0,0
0:20:30,0:21:58,7,20,20,4717426669176608341,0,1
0:15:55,0:16:47,8,15,15,-2566757840263736743,0,1
0:17:16,0:18:07,8,10,10,-9194708958877356653,0,2
0:23:29,0:25:08,7,19,19,5961259863162491827,0,1
0:19:08,0:20:53,7,11,11,-8817161714308909263,0,2
0:17:58,0:19:20,8,13,13,-993570857229730838,0,1
0:22:40,0:31:52,8,15,15,-7213217169233948260,1,3
0:18:16,0:20:05,12,23,23,7083454497892865078,0,0
0:22:38,0:24:00,8,19,19,-7134352120408609187,0,2
0:23:41,0:24:36,9,18,18,1341683189301866650,0,1
0:29:15,0:30:04,8,19,19,3891233386288500512,0,1
0:24:32,0:25:20,9,16,16,-3615790140781773493,1,2
0:26:48,0:29:34,8,16,16,-6143170922475430245,0,0
0:35:27,0:36:21,8,9,9,1338502758519444668,1,1
0:20:25,0:21:41,9,20,20,-8227473079192120580,0,1
0:18:47,0:19:48,8,10,10,-1261536425722766030,0,0
0:19:56,0:21:41,8,18,18,-456842897134105588,0,2
0:18:58,0:19:50,8,10,10,5673621145087640099,0,0
0:20:23,0:22:01,8,22,22,5072142932266856326,0,1
0:14:47,0:17:53,8,12,12,-6497275029360474800,0,2
0:23:53,0:25:33,7,16,16,634334143113116385,0,1
0:23:51,0:24:44,8,11,11,7374843028182489962,0,1
0:20:29,0:23:46,7,12,12,5794990009761802367,0,1
0:20:57,0:21:49,8,16,16,5657055978131682863,0,0
0:14:55,0:16:20,9,21,21,5406178856580480597,0,0
0:31:51,0:33:34,9,15,15,-7253130573064726537,1,4
0:15:46,0:17:50,8,10,10,-8374338092050196908,0,0
0:21:14,0:22:07,8,12,12,-3547733856438665538,0,2
0:16:01,0:17:23,8,4,4,2888794123999694720,0,1
0:14:00,0:14:57,8,16,16,1994787552250781764,0,0
0:27:26,0:28:26,8,14,14,-1021009199579969027,0,1
0:26:30,0:27:28,8,14,14,311752293850742960,0,4
0:20:20,0:21:09,8,19,19,-7719054825564128553,0,0
0:17:33,0:19:44,8,9,9,1724770684127006995,0,1
0:25:07,0:29:41,8,17,17,-1004741815511883665,0,2
0:16:43,0:17:35,8,12,12,3815638060591376829,0,1
0:12:39,0:15:25,8,15,15,-6938603380466617839,0,1
0:29:19,0:30:40,8,21,21,5382788772888865815,0,1
0:22:02,0:23:34,10,16,16,-2937317431116175063,0,2
0:26:47,0:27:43,8,15,15,-3726716228352016925,0,1
0:17:00,0:17:53,8,19,19,-6207322161705576649,0,0
0:17:11,0:18:03,8,15,15,-5090220243042867390,0,1
0:26:06,0:26:55,8,18,18,1531005776309978807,0,2
0:21:57,0:22:53,8,19,19,4802228718741668937,0,0
0:26:42,0:27:36,8,14,14,-2024639529007935667,0,1
0:22:04,0:22:55,8,16,16,-1892952975837929796,0,0
0:20:56,0:24:16,8,21,21,3518129429821018011,0,1
0:17:25,0:19:29,8,14,14,7333480773828343633,0,2
0:18:07,0:19:00,8,12,12,7108454652119884403,0,2
0:18:59,0:19:52,8,12,12,-4273404488742945844,0,2
0:18:32,0:19:29,8,14,14,4379832450739000201,0,0
0:27:38,0:28:31,12,16,16,2886526696143264742,0,0
0:21:52,0:22:45,8,12,12,1788330519360647440,0,1
0:19:05,0:20:23,10,20,20,-6563258428880067225,0,2
0:19:31,0:28:33,8,10,10,-1541705946544496011,0,3
0:19:21,0:20:15,8,14,14,8196359617897276466,1,0
0:22:27,0:23:16,9,20,20,8836688219287455603,0,1
0:15:43,0:16:36,8,11,11,3352415234182071344,0,4
0:20:14,0:23:05,8,18,18,2772604762319527122,0,0
0:26:52,0:28:25,16,16,16,-2887206402816332041,1,3
0:17:46,0:19:34,7,14,14,-640005659660768501,0,0
0:22:30,0:23:25,8,14,14,2359229652732440950,0,0
0:19:10,0:21:03,8,10,10,-8836687023219075669,0,0
0:16:37,0:19:07,8,15,15,-6498815463277400596,0,0
0:16:29,0:17:21,8,12,12,-3599107469936754785,0,2
0:18:46,0:21:10,8,19,19,2123986018267681203,0,1
0:20:01,0:21:03,8,18,18,2456093743811227626,0,0
0:17:06,0:19:12,8,13,13,4322012212803211373,0,1
0:13:30,0:14:38,8,12,12,2333627676839709242,0,3
0:16:13,0:17:20,8,17,17,-1159975724783965374,0,0
0:26:12,0:28:24,8,12,12,1266989177126700454,1,2
0:17:58,0:18:51,8,23,23,-7867550702883802629,0,0
0:21:00,0:21:47,9,13,13,8359537985839042603,0,0
0:37:53,0:39:47,7,24,24,6931732012009798694,0,2
0:16:51,0:18:06,8,26,26,-1976364679680339407,0,3
0:16:18,0:17:12,7,21,21,3906751852609974680,0,0
0:19:28,0:20:29,10,15,15,5530315595900351808,0,1
0:23:41,0:25:35,8,15,15,6334969071632244962,0,3
0:20:15,0:21:26,9,13,13,-7167200999613118102,0,0
0:19:40,0:20:40,8,16,16,-5611043507121449506,0,1
0:23:17,0:25:18,8,15,15,-1655687347118653811,0,0
0:31:13,0:32:09,8,15,15,-4953377933621535216,0,1
0:21:43,0:23:32,8,14,14,-1236641502389782389,2,2
0:18:07,0:19:51,9,16,16,8894974079164153013,0,0
0:24:30,0:25:24,8,11,11,-4287101914936503939,0,1
0:26:50,0:28:19,8,23,23,3873395013970621430,1,0
0:17:09,0:17:55,8,15,15,9158015310993867217,0,2
0:15:05,0:16:09,8,12,12,-8166277462874172441,0,3
0:17:54,0:27:06,8,14,14,3226963021832300743,1,2
0:21:27,0:23:12,8,17,17,-857118444031613523,0,0
0:24:25,0:26:35,9,14,14,8081979440380471491,0,1
0:18:45,0:19:37,8,11,11,4160329293389365340,0,1
0:11:53,0:13:33,7,11,11,7333156504515798399,0,0
0:17:56,0:18:50,8,16,16,6676783121982186714,0,0
0:28:39,0:29:51,9,24,24,6302079685893623412,0,3
0:32:14,0:33:32,19,15,15,-5303835656819820232,0,0
0:19:15,0:20:08,8,14,14,-2631441117783715,0,0
0:19:03,0:23:23,8,21,21,5000536569235111914,0,3
0:25:03,0:25:52,8,18,18,4791274161994901605,0,2
0:14:54,0:15:47,8,12,12,9157138966470508811,0,1
0:19:47,0:21:52,8,18,18,6312962645661359214,0,4
0:18:35,0:19:30,7,20,20,5707082602898919428,0,2
0:20:08,0:21:13,9,22,22,7265379319047200302,0,1
0:24:29,0:26:58,8,21,21,6738890647083709229,0,1
0:15:34,0:16:51,8,20,20,-7380666540151081984,0,0
0:14:56,0:17:07,7,13,13,-8920820766074455007,0,1
0:19:17,0:21:43,8,10,10,7371939353897306205,0,2
0:18:59,0:20:22,8,14,14,153618562230216744,0,2
0:24:41,0:25:41,8,17,17,6147572020592366386,0,1
0:19:30,0:20:22,8,9,9,5171973171282341290,0,1
0:14:23,0:15:11,9,20,20,4072539563963843325,0,1
0:22:12,0:24:20,8,12,12,-8272831079863259548,0,1
0:21:47,0:22:36,8,16,16,-1491380730593324844,0,1
0:15:14,0:16:04,8,14,14,-7750467093396547794,0,2
0:17:18,0:18:03,8,13,13,9062217613305915850,0,0
0:17:37,0:18:46,8,14,14,5970710922318385331,0,1
0:19:17,0:21:00,9,23,23,3743042299929899816,0,1
0:19:01,0:19:46,9,20,20,7531941595812222243,0,1
0:16:49,0:17:58,8,11,11,1679736823579326138,0,1
0:19:56,0:20:42,7,20,20,-5007049801260237659,0,3
0:16:13,0:17:06,8,17,17,2909628860790138210,0,1
0:18:05,0:21:20,8,13,13,-6206310096093083808,0,1
0:19:14,0:22:09,8,18,18,2233183088552773093,0,1
0:19:28,0:20:23,9,20,20,-1124879631978050210,0,3
0:19:54,0:21:10,8,15,15,7315867095043894370,0,2
0:22:06,0:24:06,7,19,19,-3665778748288694367,0,2
0:17:54,0:18:59,7,11,11,-4173170882505583979,0,1
0:15:35,0:18:49,9,17,17,-7167372728705411720,0,0
0:15:31,0:17:11,8,11,11,6321934776241008971,0,2
0:15:42,0:16:32,8,10,10,8637718963212412252,0,2
0:16:42,0:19:04,8,15,15,-7727751226525919196,0,2
0:23:49,0:24:42,10,21,21,7044373525466711320,0,2
0:20:19,0:21:12,8,17,17,-592978754921806459,0,0
0:13:53,0:14:51,9,4,4,2574720414208577158,0,1
0:18:58,0:20:17,8,23,23,-2503894577177013247,0,2
0:54:12,0:55:06,20,31,31,7638748080897786792,2,0
0:24:37,0:25:24,8,27,27,8208669734385414744,1,0
0:23:42,0:25:01,8,14,14,-155736605752615694,1,1
0:17:02,0:18:42,8,9,9,-3974072196977198206,0,0
0:25:14,0:26:18,8,18,18,3555001826507764708,0,1
0:25:48,0:27:26,8,13,13,5019056940398520288,0,2
0:20:55,0:21:48,9,15,15,1384622691748963014,0,1
0:20:15,0:21:09,8,10,10,6082129235481238340,0,2
0:21:18,0:27:28,8,11,11,7037371049108677473,0,2
0:19:46,0:21:17,8,12,12,7286049191380518904,0,0
0:17:16,0:18:13,10,11,11,-7750009829509718781,0,2
0:25:26,0:26:19,8,19,19,-6984608522019668185,0,1
0:23:46,0:27:13,11,30,30,-9051490052117198149,1,1
0:27:26,0:30:06,8,23,23,2020428161770135472,0,0
0:31:14,0:32:50,7,21,21,-606197809346416685,1,1
0:26:53,0:28:10,16,17,17,-1428125993088896424,0,2
0:22:55,0:24:08,9,20,20,2558199533594129202,0,1
0:23:14,0:24:07,8,14,14,-8645416176372755931,0,0
0:18:59,0:19:53,8,17,17,7659443495589514291,0,2
0:19:50,0:22:19,8,14,14,-1429006161554662463,0,0
0:26:00,0:26:52,8,26,26,7517689909132984631,0,0
0:27:06,0:27:58,8,11,11,5098927488244447929,1,1
0:18:14,0:20:05,8,12,12,4274947955264472007,0,0
0:17:39,0:19:02,10,5,5,3253178984912898746,0,1
0:25:56,0:26:52,8,21,21,3404451754170471372,0,1
0:28:04,0:28:52,8,15,15,5259207417074621305,1,2
0:18:00,0:19:20,8,12,12,-5967121858906431575,0,0
0:21:12,0:23:29,8,17,17,-3128473811928655965,0,2
0:19:24,0:20:55,8,18,18,8849106859539704803,0,1
0:27:16,0:28:34,7,17,17,-3773656866464134076,1,3
0:20:24,0:22:06,7,12,12,-233552752730089363,0,0
0:20:32,0:21:27,8,13,13,2914755569580177743,0,0
0:21:16,0:22:04,8,9,9,4208751699724491294,0,0
0:19:45,0:20:41,10,13,13,-2861752989897280170,0,1
0:24:50,0:25:49,7,15,15,1515470748655728144,0,3
0:23:15,0:24:12,8,17,17,8654172813431264093,0,2
0:30:06,0:30:54,7,15,15,-4987018666376537915,1,1
0:21:32,0:22:36,8,14,14,-1372236510206641592,0,0
0:31:45,0:33:40,8,5,5,-3177106704135535786,0,1
0:19:19,0:22:11,8,9,9,2276459244617891472,0,1
0:21:41,0:23:19,8,15,15,2938932550097343550,0,0
0:20:53,0:30:28,8,10,10,-7864154740441893772,1,1
0:13:18,0:14:10,8,12,12,8713262371232340851,0,0
0:19:32,0:20:44,8,10,10,-6562612075283726401,0,1
0:47:04,0:48:04,8,13,13,-2887782971517067158,3,4
0:20:47,0:21:40,8,20,20,-4981098091053986718,0,1
0:19:25,0:23:03,8,17,17,4985785654277902926,0,2
0:22:45,0:23:44,7,22,22,-3806509108094429468,0,0
0:29:07,0:30:01,8,19,19,-1041122461754881079,0,1
0:24:39,0:25:35,8,13,13,-7300923674795335566,0,2
0:19:51,0:22:58,8,16,16,-6028866543203830737,0,1
0:26:26,0:29:53,8,18,18,5378971325548413378,0,0
0:16:13,0:16:58,8,11,11,6637521845001151988,0,0
0:20:51,0:21:44,8,11,11,-1133522978689254706,0,4
0:20:12,0:21:35,8,17,17,-3978585391879281767,0,2
0:21:37,0:22:25,7,14,14,-2303059756922960262,1,2
0:18:34,0:19:47,9,15,15,-4511195134732637980,0,1
0:17:08,0:17:59,8,14,14,-2469397341592729881,0,2
0:18:01,0:18:50,8,17,17,8286140255233204489,0,1
0:21:37,0:24:10,8,22,22,-1269015551409129623,0,1
0:28:24,0:31:11,8,15,15,-4264835802102138885,1,2
0:18:07,0:27:03,8,18,18,-5819386591215986274,1,0
0:15:55,0:16:47,8,15,15,-5442356919614017266,0,2
0:13:52,0:14:47,9,11,11,5634855832233638759,0,1
0:19:12,0:20:03,8,11,11,4866650709737151617,0,1
0:18:10,0:19:23,8,13,13,-3494355975255591592,1,1
0:23:02,0:23:55,9,17,17,-7889630542996816891,0,1
0:21:12,0:22:27,7,10,10,4157141700784438554,0,2
0:35:47,0:37:26,11,17,17,6204619757342573411,0,1
0:31:41,0:32:34,8,23,23,-1769362470458261372,1,3
0:17:32,0:19:51,7,14,14,-7919404975437421430,0,3
0:22:55,0:23:48,8,18,18,1527226669626521685,0,1
0:17:47,0:18:35,8,16,16,4310976224864012577,0,0
0:24:33,0:25:28,8,20,20,-3400713302501586802,1,0
0:23:48,0:24:46,8,20,20,2017308572771277423,0,2
0:20:43,0:21:30,8,14,14,-5975374928310703121,0,1
0:16:21,0:18:04,8,14,14,-2181631610902668650,0,5
0:28:18,0:29:10,8,25,25,1684643123428385880,0,1
0:18:52,0:20:06,8,13,13,-4302111029206841045,0,1
0:18:50,0:19:45,7,21,21,3586988213843124158,0,0
0:23:58,0:26:57,8,18,18,1525680020041341855,0,2
0:25:53,0:26:45,8,21,21,-1520730796258425758,1,1
0:22:49,0:24:42,6,15,15,-7424902061255759275,0,1
0:22:44,0:24:34,8,17,17,4220622199398446485,0,1
0:19:12,0:21:36,7,14,14,-4648609304181397227,0,4
0:17:49,0:18:38,8,28,28,8755369977118239273,0,0
0:20:03,0:21:28,7,11,11,6868578845501383688,0,0
0:31:13,0:32:17,8,9,9,-6630690444096967862,0,0
0:22:41,0:26:17,7,12,12,-7332502904118840738,0,2
0:15:38,0:18:09,7,19,19,3000741273020281437,0,1
0:14:32,0:15:31,9,13,13,-6162789913251337479,0,4
0:20:14,0:22:12,8,17,17,3420522581407217889,0,1
0:19:22,0:22:14,8,17,17,1739936734885977546,0,1
0:22:54,0:25:02,8,7,7,-3376951652717411119,0,0
0:19:03,0:21:32,8,15,15,-3764813027050425300,0,1
0:26:51,0:27:40,8,16,16,2393216060731282992,0,2
0:19:05,0:20:54,6,10,10,208897175377178965,1,0
0:29:01,0:30:54,8,21,21,7767774175105155158,0,2
0:20:02,0:20:52,8,12,12,1013592273483594870,0,1
0:17:02,0:19:37,16,20,20,4832944014119610618,0,2
0:19:27,0:22:48,8,12,12,-7326912767751144244,0,5
0:19:52,0:21:45,8,13,13,-6713580107433687370,0,2
0:16:21,0:28:38,11,14,14,47675762563460407,1,0
0:15:37,0:17:41,7,10,10,-4417847425446300274,0,1
0:14:56,0:15:50,8,14,14,-421027451057088197,0,0
0:18:10,0:19:51,8,18,18,-2006723357603785641,0,2
0:19:43,0:21:49,9,18,18,-5101949017383957575,0,2
0:21:08,0:22:02,8,19,19,-8866857304675845822,0,4
0:19:15,0:21:37,8,9,9,1397435303788385901,0,0
0:20:08,0:22:23,7,13,13,-6334730564876138508,0,0
0:28:43,0:29:50,7,15,15,2442705999948940401,1,0
0:28:36,0:30:07,8,14,14,-5160441206974444440,0,0
0:18:33,0:19:22,7,9,9,4422707171657223253,0,2
0:16:07,0:17:40,8,13,13,8049563379295773042,0,0
0:17:09,0:19:14,8,16,16,6117447257623546343,0,2
0:29:45,0:31:07,11,4,4,-5340752406774813539,0,1
0:14:44,0:15:37,9,15,15,-918094220791318927,0,1
0:20:47,0:21:39,7,10,10,2382701718524135385,0,1
0:26:09,0:27:25,7,21,21,-2242493794405440544,0,3
0:19:28,0:20:18,9,21,21,-1445876707196303939,0,1
0:19:00,0:19:52,9,14,14,-1074640052380929141,0,1
0:18:39,0:20:39,8,15,15,2036993358907153182,0,1
0:22:24,0:24:21,8,11,11,5164452887804124763,1,0
0:22:43,0:23:41,14,13,13,5614019988120941914,0,4
0:28:49,0:49:28,8,17,17,-6216997440106523753,1,1
0:18:26,0:19:19,8,17,17,-2413115785172634048,0,1
0:25:12,0:27:14,8,16,16,8138011750582638957,0,0
0:22:43,0:23:36,8,11,11,-5628923306869141242,0,0
0:22:23,0:23:21,8,15,15,8145674220145030112,0,2
0:20:56,0:21:48,8,12,12,380199043421579338,0,0
0:17:38,0:18:30,8,16,16,4703445184824985151,0,1
0:23:06,0:25:58,8,15,15,-2972561280120234990,0,2
0:15:29,0:24:27,9,18,18,-7961523016124749537,0,1
0:35:23,0:36:52,11,17,17,121218448347532834,1,1
0:18:59,0:20:19,7,16,16,7845890791962463349,0,3
0:25:13,0:26:08,9,24,24,9147338070729290479,0,1
0:19:00,0:21:43,8,23,23,8236181347555295935,0,0
0:23:27,0:24:20,12,25,25,7548739730271426794,0,1
0:32:41,0:34:19,8,20,20,4285966825674334497,0,1
0:20:47,0:22:20,8,16,16,6468331068466946727,0,0
0:18:44,0:21:24,15,26,26,-97754871232610142,0,2
0:22:13,0:23:06,8,14,14,8310645007660616693,0,3
0:19:31,0:20:30,8,13,13,5708157562428182356,0,1
0:16:45,0:17:38,8,20,20,-8184976366301740216,0,0
0:20:15,0:21:07,8,15,15,-4326053534116997866,0,1
0:20:27,0:47:28,14,28,28,3428309752296367961,1,0
0:17:57,0:18:50,7,11,11,-6199722346119935955,0,1
0:17:42,0:19:33,8,12,12,-7810537083137323892,0,2
0:24:34,0:25:26,8,15,15,-1967489182115865274,1,2
0:19:10,0:22:23,8,13,13,1132831133481369970,0,1
0:23:31,0:24:24,8,15,15,7816382190121794297,0,4
0:23:35,0:26:34,14,27,27,-8756535284329319627,0,2
0:22:39,0:24:28,9,17,17,-2664919730848749726,0,1
0:16:59,0:26:47,8,11,11,-5568706505540858565,1,4
0:23:39,0:24:32,10,23,23,5425736946726737853,0,2
0:22:12,0:24:04,8,9,9,-4787690873943666275,0,2
0:17:45,0:18:51,8,15,15,1029057842571014196,0,2
0:17:46,0:18:37,8,14,14,267856002342872320,0,0
0:20:17,0:22:38,8,15,15,1818810042595036152,0,0
0:28:34,0:29:43,9,24,24,7990469057849015418,1,0
0:26:42,0:27:40,7,20,20,3447415221344328238,0,3
0:27:45,0:38:57,9,16,16,8517503659343604059,2,1
0:16:49,0:17:42,8,5,5,7563872151896129782,0,1
0:28:34,0:29:28,8,10,10,-4412243509350137018,0,2
0:17:56,0:19:10,9,13,13,9161930550730125230,0,3
0:21:52,0:22:49,8,12,12,1618916746460181792,0,0
0:21:11,0:23:05,8,20,20,4263815031442204515,1,3
0:21:54,0:22:46,8,25,25,1779394164179667824,0,3
0:17:49,0:18:41,8,14,14,-5320363470580908995,0,1
0:23:46,0:24:55,8,14,14,-6188983506350147969,0,1
0:20:36,0:22:27,8,12,12,-8460574233781498917 ,0,0
0:21:38,0:22:28,8,25,25,6831304144056919712,0,2
0:24:16,0:26:31,8,13,13,-5790584341415303401,0,2
0:17:17,0:18:13,8,14,14,-1090019233154958710,0,1
0:22:32,0:25:29,8,15,15,4063618112179564227,0,2
0:26:08,0:27:02,10,20,20,7170204191855132726,0,0
0:18:29,0:20:06,8,18,18,6745180848041792160,0,1
0:19:27,0:20:22,8,15,15,-3495204830117012526,0,3
0:21:25,0:23:03,7,17,17,885678347210225550,0,2
0:20:40,0:26:06,8,18,18,-499158960399309971,0,1
0:22:06,0:22:59,8,15,15,-6056064048223556227,0,0
0:29:15,0:30:22,8,15,15,-7186286144359057747,1,2
0:22:08,0:23:41,8,13,13,7640325266314335921,0,0
0:24:14,0:25:06,8,24,24,2919220456156374999,0,2
0:24:33,0:25:25,7,17,17,8933866504788250354,0,1
0:11:02,0:12:32,8,15,15,8216277681418911965,0,0
0:23:16,0:25:16,8,11,11,1834501733155453520,0,1
0:21:00,0:21:51,8,19,19,369086794949025104,0,1
0:21:31,0:22:19,8,27,27,9110520745529915683,0,1
0:24:29,0:25:21,15,15,15,6344620468421126411,0,0
0:39:07,0:43:11,11,20,20,7349072437704462037,1,1
0:23:51,0:24:46,8,12,12,-3999793121867288043,0,2
0:19:36,0:21:00,8,15,15,1910716815731686022,0,0
0:14:48,0:18:08,8,16,16,5758974314575938819,0,0
0:22:57,0:25:17,9,15,15,8267944264437441667,0,2
0:20:38,0:28:34,8,22,22,8198932402553579437,1,0
0:19:34,0:20:28,8,15,15,-8599699718678094069,0,0
0:20:01,0:21:45,8,14,14,-7526165588847979599,0,1
0:15:43,0:16:29,10,15,15,4117486205794706382,0,0
0:18:02,0:18:54,9,15,15,-1015305688830262780,0,3
0:25:06,0:26:55,9,15,15,8773372997889285130,0,2
0:24:05,0:25:20,12,16,16,9023900015235873057,0,3
0:28:09,0:29:00,13,16,16,2164277364114467075,0,1
0:21:52,0:24:13,8,13,13,-6362711491780143997,0,1
0:20:34,0:21:33,8,13,13,-431361179376449375,0,2
0:53:01,0:55:39,8,14,14,-1940031183631154499,6,1
0:20:50,0:22:03,8,11,11,-6542172417895611137,0,0
0:18:35,0:22:46,8,15,15,1663755504017020200,0,1
0:19:59,0:21:17,8,16,16,-4421714448750536583,1,0
0:15:09,0:16:02,8,13,13,9068441690805041520,0,0
0:21:20,0:22:15,7,9,9,-6511761940232952125,0,1
0:20:12,0:21:56,8,22,22,-7090512389359201408,0,1
0:21:11,0:22:11,8,18,18,4766291403917495481,0,1
0:18:57,0:21:12,8,20,20,-2166908345549620371,0,3
0:15:43,0:21:21,8,15,15,4404627261654050242,0,0
0:37:27,0:38:28,8,11,11,-7485217704106885743,1,1
0:25:33,0:26:48,8,13,13,-4453687140587095781,0,0
0:25:01,0:25:52,8,16,16,-2373965351850471057,0,1
0:23:53,0:24:49,8,15,15,-5109444827003312256,0,2
0:23:32,0:25:01,8,14,14,6243244372284074813,0,2
0:12:57,0:13:52,8,16,16,-5871727646753238087,0,1
0:20:42,0:22:34,8,19,19,-6261835585397678982,0,2
0:21:31,0:35:17,8,18,18,9162470964044236984,2,2
0:28:40,0:29:36,8,20,20,30505306893905603,1,1
0:19:07,0:20:50,8,13,13,-5992954740289467301,0,3
0:14:10,0:15:20,7,14,14,5187463753775650315,0,1
0:33:02,0:35:02,9,21,21,-8836431199800207507,0,2
0:24:41,0:26:27,8,15,15,-3104165534426860751,0,0
0:21:49,0:24:08,7,12,12,7918443567867866315,0,0
0:24:11,0:26:15,8,10,10,5274790830834616815,0,1
0:24:52,0:26:32,7,10,10,7338100860915487969,1,2
0:20:14,0:21:43,12,16,16,-6565583691187186574,0,2
0:28:26,0:29:33,7,11,11,3039849770220191153,1,1
0:19:08,0:32:34,10,15,15,1451124905592240725,2,1
0:23:30,0:24:25,8,17,17,-8899953288049497603,0,0
0:25:04,0:25:57,15,21,21,6350602224792875869,0,1
0:13:05,0:14:33,7,12,12,7739063118372888547,0,3
0:27:34,0:32:03,8,13,13,4040908243770598433,0,3
1:07:56,1:10:56,10,8,8,2016941301317423347,1,1
0:32:31,0:33:37,8,20,20,-8051514035185204807,0,2
0:21:42,0:22:41,7,10,10,-2273010519830468920,0,1
0:24:48,0:29:11,8,18,18,-1011077971618586055,0,2
0:32:29,0:33:53,8,18,18,-3338821927863812036,0,1
0:20:11,0:21:16,8,14,14,6556889945504382872,0,0
0:24:15,0:25:58,8,16,16,6138329566424736529,0,1
0:16:05,0:18:41,8,11,11,-4119417271159516319,0,0
0:23:09,0:24:03,8,23,23,3964841466693631365,0,0
0:25:58,0:26:51,9,19,19,-3241137657685414963,0,1
0:25:09,0:26:00,8,10,10,7563228351971692164,0,0
0:17:08,0:18:10,6,12,12,8593495943428719427,0,0
0:25:55,0:26:39,8,20,20,-7681465495861721632,0,1
0:22:47,0:23:36,8,17,17,21858614260919559,0,2
0:23:10,0:24:32,9,18,18,-1228399077859117580,0,2
0:24:13,0:25:02,11,16,16,9094610012402348646,1,1
0:15:26,0:18:00,0,0,0,1507782234725114496,0,0
0:17:47,0:25:46,,,,-8500663990545171259,1,1
0:16:07,0:17:14,8,21,21,8770957425452397609,0,0
0:14:03,0:15:21,8,16,16,2998613873142158994,0,1
0:26:34,0:28:58,6,17,17,3442611790225595192,0,0
0:26:41,0:27:34,3,13,13,6253996638571423731,0,1
0:22:40,0:29:23,4,6,6,4125721558072478205,1,1
0:20:37,0:21:26,3,7,7,4755160457014574929,0,4
0:23:55,0:25:59,4,6,6,5873472054118169151,0,0
0:25:08,0:28:16,12,17,17,-3920194849656300350,0,0
0:18:44,0:22:12,8,16,16,4781483249258789659,0,1
0:20:50,0:21:42,8,10,10,-2919684055980402431,0,1
0:20:44,0:22:51,8,12,12,1627833307425285121,0,2
0:19:11,0:20:06,8,14,14,8440596433812817794,0,1
0:21:22,0:22:15,8,18,18,2141606804455808847,0,1
0:23:57,0:25:50,8,17,17,4086493628288898631,0,3
0:15:27,0:17:05,8,11,11,8425317955640155636,0,2
0:25:04,0:25:57,14,19,19,-8943586298783385958,0,2
0:21:22,0:23:16,8,18,18,-9132969823083227167,0,1
0:20:21,0:22:04,8,16,16,-2884101954189966017,0,1
0:17:20,0:18:50,8,14,14,-697686342927024664,0,2
0:19:40,0:21:17,9,13,13,894457262398885415,0,1
0:22:30,0:23:21,9,14,14,-5940084878032225832,0,1
0:23:01,0:24:02,9,14,14,-6229969388167136555,0,2
0:25:16,0:26:17,11,21,21,733168446825575,0,0
0:26:53,0:30:13,15,20,20,4231826800829023755,0,1
0:16:18,0:18:17,8,14,14,5906941115923336803,0,4
0:27:17,0:28:33,8,10,10,4089783746492191412,2,1
0:17:49,0:18:40,8,15,15,-5689521701029655211,0,1
0:18:14,0:21:51,8,18,18,2919867970870749215,0,3
0:21:17,0:22:50,9,22,22,373117133349966135,0,3
0:17:15,0:19:26,9,15,15,4632095824190741195,0,0
0:29:12,0:31:37,8,15,15,3045187462954800573,1,3
0:17:51,0:19:07,8,20,20,5152535530502089351,0,2
0:17:28,0:18:30,8,13,13,8718878093282345254,0,0
0:23:32,0:24:24,8,13,13,8249101800001579012,0,2
0:20:33,0:21:28,8,15,15,3981835819556308999,0,0
0:18:51,0:20:36,8,16,16,1391377954798864495,0,1
0:28:55,0:30:55,8,15,15,6868806479415279834,0,1
0:24:36,0:26:19,8,15,15,3005264060994159167,0,0
0:19:43,0:20:46,8,12,12,-7361207297938509577,1,1
0:15:01,0:16:55,7,13,13,5543500142274119437,0,1
0:18:57,0:20:20,9,5,5,-2491138035640330719,0,1
0:20:48,0:21:39,8,24,24,-2602765018736758517,0,3
0:21:42,0:23:33,9,14,14,-7711628622948234399,0,2
0:23:58,0:25:14,8,22,22,8972506168893477411,0,0
0:20:08,0:21:00,8,18,18,-4157018013003875130,0,0
0:23:33,0:26:39,7,12,12,7500801918706510295,0,2
0:25:59,0:26:51,8,22,22,6647594808581370651,0,1
0:17:52,0:18:45,8,20,20,-2152911574331396543,0,0
0:22:16,0:23:12,8,25,25,2685131335933502092,0,1
0:21:05,0:22:56,8,13,13,-1557462154782944091,0,0
0:16:21,0:19:09,8,13,13,4237356685275987024,0,2
0:20:37,0:21:33,8,17,17,-103416972205954487,0,0
0:27:38,0:28:29,8,19,19,7959295975365592411,0,1
0:17:31,0:18:29,6,13,13,-1234624397904046775,0,0
0:21:51,0:24:51,8,21,21,-5302018489702911957,0,1
0:18:30,0:19:53,8,15,15,-387861944636440032,0,0
0:21:31,0:23:37,11,16,16,4436408187379271834,0,2
0:20:16,0:21:35,8,17,17,6261743291745225765,0,2
0:19:05,0:19:57,8,14,14,2656328321584987568,0,1
0:37:35,0:38:23,7,13,13,1552401726388426649,1,1
0:19:48,0:23:43,8,20,20,337835118981384378,0,0
0:21:35,0:22:37,8,13,13,-1646228750753529701,0,1
0:18:20,0:19:14,7,12,12,-6438025216187414505,0,0
0:21:38,0:22:40,7,11,11,666704244416941211,0,0
0:19:43,0:21:00,8,21,21,2711469942480925992,0,2
0:21:01,0:21:55,8,10,10,8741338651431153829,0,1
0:18:59,0:19:47,7,19,19,-7242805055814027295,0,1
0:18:49,0:19:49,16,14,14,-9057137604338044728,0,0
0:15:08,0:18:12,8,13,13,2880289189906607635,0,0
0:20:44,0:21:35,8,11,11,36633561702622706,0,2
0:21:09,0:22:07,9,19,19,-7493728135028137109,0,1
0:21:54,0:24:05,8,9,9,4149954946695964748,0,1
0:20:31,0:21:35,8,16,16,-1323151084549918081,0,3
0:18:59,0:20:46,7,19,19,-7877943470246729743,0,4
0:19:44,0:21:23,8,16,16,4263450639015090632,0,1
0:23:48,0:24:51,7,14,14,2358109654173461424,0,3
0:17:42,0:18:39,8,23,23,-2046479855309453871,0,3
0:18:39,0:19:26,8,9,9,-8341511307204300599,0,1
0:17:18,0:19:51,8,10,10,-5923365961638334399,0,0
0:20:55,0:23:06,7,14,14,-9207332170986114974,0,0
0:23:02,0:23:52,7,25,25,-1369396045676900153,1,1
0:19:19,0:20:10,10,20,20,-725963347302469345,0,1
0:31:40,0:33:13,8,26,26,2973925925038773817,0,0
0:23:31,0:26:01,7,15,15,-1864079830307461196,0,0
0:19:46,0:22:41,7,11,11,-8793010756594388381,0,1
0:33:38,0:34:33,14,17,17,-5183172451536983310,2,1
0:21:31,0:22:47,8,14,14,-5173331624526800007,0,0
0:20:08,0:21:04,9,10,10,2903707573932678654,0,1
0:25:11,0:26:16,24,12,12,1742180236457482565,1,2
0:17:41,0:21:33,8,11,11,-8994557730103412259,1,1
0:27:05,0:29:53,8,10,10,134354781654570117,0,0
0:23:39,0:25:48,8,7,7,5113875044167244545,0,2
0:21:19,0:22:11,8,18,18,-1623853013604627842,0,3
0:15:58,0:16:50,8,13,13,-6992108173898927204,0,2
0:23:45,0:24:39,8,15,15,4157765211370991747,0,1
0:27:22,0:29:54,8,20,20,320049590013134612,0,1
0:22:28,0:24:24,8,10,10,-4337826079452538090,0,1
0:18:07,0:19:00,8,8,8,2421193854067706330,0,3
0:25:35,0:28:26,8,21,21,-6586505054863549911,0,1
0:16:56,0:17:46,8,17,17,-5036123959318561444,0,2
0:20:03,0:22:07,8,17,17,-8558084032097694651,0,0
0:21:15,0:22:52,8,17,17,-2883168739368785499,0,1
0:26:35,0:27:28,8,13,13,5069311907546234852,0,2
0:26:57,0:28:40,14,15,15,-5379448941167397866,0,0
0:31:22,0:32:23,7,14,14,-2622050545408044071,0,1
0:24:18,0:25:11,9,16,16,2524766581184975952,0,1
0:24:11,0:26:27,9,13,13,5006217959177703076,0,0
0:19:08,0:20:18,7,25,25,2438666574776801473,0,1
0:17:32,0:18:39,8,13,13,1689148980421553313,0,1
0:14:23,0:15:18,8,14,14,-2696185292646606603,0,2
0:24:57,0:25:50,8,14,14,6107255787289130903,0,0
0:24:02,0:26:50,9,18,18,1934392211989563622,0,1
0:21:12,0:22:49,8,19,19,8364365303938658105,0,0
0:22:56,0:23:49,8,19,19,747880363433365072,0,1
0:19:05,0:20:01,11,16,16,-8639593507960834036,0,3
0:26:58,0:30:55,8,17,17,2536541823742737540,0,2
0:18:05,0:31:04,7,14,14,1412478383267917596,1,2
0:17:35,0:18:37,8,19,19,-7182248983029670749,0,0
0:23:32,0:24:26,7,14,14,7842832640665147483,0,0
0:34:28,0:35:21,10,15,15,5058362314721863627,0,1
0:20:34,0:22:12,20,14,14,-8055561187819995127,0,1
0:23:03,0:24:04,8,16,16,-964124604344986923,0,0
0:19:26,0:21:06,8,18,18,-2186299751946916713,0,2
0:15:53,0:16:53,7,30,30,8246647243032087053,0,2
0:28:53,0:29:48,11,12,12,2053806143696943503,1,2
0:24:01,0:27:15,8,12,12,8547251653476913526,0,1
0:20:29,0:21:21,8,15,15,6933243343175354253,0,0
0:15:28,0:16:20,10,18,18,-472109676692706003,0,1
0:25:55,0:26:49,16,9,9,1461850485941850989,0,0
0:18:20,0:19:13,8,13,13,6156708860478243463,0,3
0:17:56,0:20:20,8,19,19,-5743963776669065191,0,2
0:17:15,0:19:00,8,16,16,8437538030115894868,0,1
0:18:30,0:19:30,8,20,20,-2468715598945110086,0,3
0:19:39,0:21:29,8,11,11,-4149352543881769707,0,2
0:41:04,0:46:19,7,18,18,-6182738437311870051,0,3
0:26:43,0:27:32,16,20,20,-3256035682253818768,0,2
0:19:35,0:26:21,9,20,20,4214516896983453645,1,4
0:28:40,0:31:27,16,21,21,4873027360240708489,1,1
0:22:52,0:23:51,8,15,15,6995749168205217091,0,3
0:13:32,0:15:31,7,10,10,2412177793015359821,0,1
0:24:50,0:25:39,8,14,14,-5904956852856487706,0,1
0:15:36,0:16:24,6,10,10,-7503302950539473062,0,0
0:16:12,0:17:10,9,22,22,5840878278817066409,0,1
0:15:13,0:19:24,9,13,13,-1005286587882321785,0,1
0:18:01,0:22:16,8,12,12,8503584205296504777,0,1
0:16:54,0:19:41,9,17,17,-8079242550076822134,0,1
0:16:39,0:20:24,9,16,16,-2034794084359336956,0,0
0:28:38,0:29:25,8,9,9,-3456768022927632750,0,1
0:18:09,0:20:19,7,18,18,-5276362636244165182,0,1
0:27:38,0:29:23,8,12,12,145497665229257825,1,1
0:15:07,0:16:00,7,16,16,-2472575085246957455,0,1
0:18:56,0:20:31,9,14,14,-1165293054446359242,0,2
0:25:52,0:26:49,9,14,14,4654847308355132255,0,1
0:34:39,0:35:40,8,26,26,-725967211543541361,0,1
0:20:52,0:21:38,8,15,15,-6561516497890549681,0,1
0:25:31,0:26:32,7,16,16,-8172815788344722688,0,1
0:17:04,0:18:06,8,15,15,-3457729043163300513,0,1
0:24:28,0:29:04,9,14,14,4013768986647959085,0,3
0:23:34,0:25:44,8,10,10,2240628863763682202,0,1
0:21:31,0:22:27,8,10,10,8814741095781659915,0,1
0:19:55,0:21:38,7,15,15,4270434320297028462,0,0
0:18:08,0:20:46,8,13,13,-103158039907703816,0,1
0:19:45,0:20:27,8,13,13,5077825243716312649,0,1
0:28:04,0:28:51,8,21,21,2359692669717737831,1,3
0:24:29,0:25:51,9,20,20,-4234657105245476999,0,2
0:20:28,0:22:14,8,11,11,-819180378598843250,0,1
0:28:56,0:29:50,8,13,13,3671170920388662378,0,2
0:37:00,0:38:13,8,15,15,-899314243136758526,2,1
0:19:56,0:20:54,8,15,15,-8068278366445786798,0,1
0:19:22,0:20:10,8,10,10,-61223192964415542,0,1
0:18:11,0:19:53,8,17,17,-6745863117952113985,0,0
0:19:09,0:20:05,16,14,14,2447540279538327014,0,0
0:18:46,0:19:34,8,17,17,-7255199178204510450,0,1
0:21:54,0:23:18,8,25,25,8471903658969884417,0,1
0:23:25,0:24:44,8,15,15,7344658027033705669,0,2
0:25:01,0:27:51,7,25,25,-8996968646678122714,0,1
0:18:17,0:20:15,7,16,16,-1659134195558006177,0,0
0:21:08,0:22:07,8,25,25,-1517178626256152310,0,0
0:15:56,0:16:50,8,11,11,2292843588610601062,0,0
0:20:49,0:23:05,8,12,12,-5595010516560492641,0,1
0:29:06,0:32:10,8,13,13,2066435420486102686,2,1
0:18:46,0:19:44,8,15,15,-4199110019629080965,0,1
0:35:20,0:37:52,8,14,14,3413885649908854760,0,1
0:22:04,0:23:09,9,19,19,-1792466842259841984,0,1
0:18:48,0:19:36,8,14,14,6669883584347634978,0,2
0:31:46,0:32:37,12,14,14,7629594213208301335,1,0
0:19:33,0:20:35,10,19,19,-9196758971223687313,0,1
0:18:30,0:19:24,9,13,13,-5400704241563748291,0,1
0:18:49,0:30:49,8,19,19,-4277074072449070706,1,1
0:20:52,0:21:47,8,26,26,5897785521211149658,0,0
0:23:58,0:25:51,8,15,15,7547740517555672074,0,3
0:17:41,0:22:12,7,13,13,-2349348408350415014,0,0
0:22:12,0:24:00,10,14,14,7137103343528944725,0,0
0:23:21,0:24:11,8,10,10,-2091972846053902832,0,0
0:19:44,0:21:06,9,13,13,-5843871012197668396,0,1
0:19:18,0:20:11,8,14,14,-6068277248273406144,0,2
0:25:03,0:26:21,8,17,17,5909202024786229854,0,3
0:25:35,0:31:17,7,21,21,-3557540571808644459,1,1
0:17:40,0:20:41,8,18,18,-5626056790812384388,0,2
0:15:42,0:16:34,8,13,13,369627488432812896,0,0
0:23:37,0:28:18,8,17,17,5892301951349687730,0,1
0:17:54,0:20:06,9,20,20,7564391038733475851,0,1
0:38:10,0:39:52,17,42,42,401397657329507026,1,0
0:21:54,0:23:27,11,10,10,-6185519294958182235,0,2
0:14:36,0:15:37,8,13,13,4413476749295919164,0,0
0:16:31,0:19:45,10,15,15,4786006270201220836,0,2
0:17:20,0:18:53,8,14,14,1566455302442673537,0,1
0:18:08,0:19:50,8,11,11,5774452738064987131,0,2
0:26:02,0:28:12,11,25,25,-6917695860751230612,0,1
0:23:06,0:24:04,9,14,14,-5618658775946699138,0,2
0:21:23,0:27:20,8,14,14,-5267327850533579561,0,1
0:23:38,0:25:08,7,12,12,-255303936527668924,0,0
0:20:24,0:21:21,8,18,18,6684086791086773582,0,0
0:29:02,0:32:48,14,19,19,1768498651675871119,1,2
0:14:53,0:19:43,8,11,11,7378977030365469465,0,0
0:27:52,0:29:10,8,18,18,6318824025058877002,0,0
0:19:28,0:23:04,9,14,14,-2792730524818523918,0,0
0:22:00,0:23:21,9,18,18,7944060191530725836,0,1
0:19:49,0:20:41,9,25,25,-4261180396031206613,0,4
0:18:00,0:19:00,7,23,23,6290771112147271646,0,3
0:22:05,0:23:05,8,16,16,1057392741954044084,0,0
0:20:33,0:21:52,8,16,16,7772459333355241066,0,2
0:22:02,0:23:17,8,10,10,6163882694868208590,0,2
0:21:34,0:23:38,8,13,13,1543764388787442348,0,2
0:29:32,0:33:07,9,25,25,-3967392569644335624,0,2
0:21:20,0:24:14,9,17,17,5724822349780896002,0,0
0:19:50,0:20:39,7,17,17,-3265607808931628950,0,3
0:27:44,0:28:33,16,12,12,-646075037600178545,1,1
0:19:34,0:21:07,8,14,14,828469293537669330,0,3
0:24:55,0:25:47,9,24,24,4423321057337425916,0,1
0:16:58,0:17:55,8,12,12,4637962761541947326,0,0
0:22:35,0:24:36,9,11,11,1182377324340332195,0,0
0:25:25,0:26:19,11,16,16,-5410291066599460641,0,1
0:21:48,0:22:44,8,13,13,3596247709825810709,0,2
0:21:21,0:22:43,8,12,12,-1288969614997015867,0,2
0:20:33,0:21:22,8,34,34,2777462180586803595,0,0
0:26:16,0:30:56,8,13,13,770788593919213843,0,1
0:19:01,0:23:12,8,16,16,1990323481787883443,0,1
0:18:01,0:18:54,7,16,16,1149895427606112218,0,0
0:18:40,0:19:34,8,19,19,-7764510145445356578,0,0
0:18:16,0:19:55,9,17,17,2435081631159667626,0,0
0:19:12,0:21:54,8,16,16,-7196458489899857081,0,1
0:17:55,0:19:50,8,16,16,-3737952312341520774,0,1
0:19:51,0:22:32,8,24,24,-6882795541284954727,0,2
0:23:18,0:24:51,16,15,15,5867410883820508561,0,1
0:21:21,0:22:24,7,22,22,-3453444839803445833,0,2
0:21:29,0:23:22,8,16,16,8876768036319811269,0,2
0:15:38,0:16:35,8,20,20,-900335994047025057,0,0
0:26:05,0:27:02,8,19,19,1398665865252050923,0,0
0:20:28,0:21:24,12,11,11,-7469218339748779248,0,2
0:20:15,0:22:11,8,17,17,6670069419768586269,0,0
0:21:57,0:22:42,13,18,18,485740043699444775,0,1
0:18:46,0:20:20,8,12,12,-8536408130547882431,0,2
0:21:18,0:22:16,8,20,20,-5561121517428457966,0,0
0:17:59,0:20:34,8,14,14,-2712369595921078210,0,1
0:21:53,0:23:00,8,9,9,-2807706346120196986,0,0
0:28:28,0:31:43,9,15,15,4839589204250098148,1,1
0:32:36,0:33:31,10,21,21,6832769178767513318,0,0
0:23:52,0:26:22,16,20,20,6143710634367497967,0,1
0:30:40,0:33:48,8,13,13,-3240252334618515932,0,0
0:23:29,0:24:57,9,16,16,-8395751243534048003,0,1
0:19:52,0:23:27,8,18,18,2689986513779694194,0,1
0:20:59,0:23:06,8,18,18,15097817595254635,0,2
0:30:14,0:31:48,8,17,17,4208917531433405968,0,3
0:25:13,0:30:56,9,4,4,-9105468353676712694,0,0
0:21:50,0:22:35,8,16,16,-7400150755351946324,0,2
0:23:31,0:24:23,10,22,22,-6013157026213067728,0,2
0:21:14,0:22:10,7,13,13,8119614721990681265,0,0
0:24:40,0:26:03,8,13,13,-4931406894949565763,0,1
0:19:51,0:20:45,9,23,23,-3805214215977033621,0,0
0:16:57,0:19:21,8,17,17,-3765678056173103481,0,1
0:22:31,0:25:29,9,11,11,-6844353688466542380,0,0
0:20:58,0:22:58,7,19,19,-8810520539562969367,0,2
0:18:04,0:18:58,7,14,14,-6685826971139073863,0,2
0:16:01,0:17:27,8,14,14,-2496730171591363860,0,1
0:20:08,0:22:20,11,15,15,2494030928503282358,0,3
0:25:43,0:27:26,7,14,14,3792434580902252459,2,1
0:30:40,0:31:35,16,22,22,-1373632882911931618,0,1
0:18:46,0:19:34,8,11,11,-2003635184723439451,0,3
0:19:01,0:20:00,7,14,14,-8489899620734419253,0,1
0:27:01,0:28:23,9,13,13,4145519338600132650,0,1
0:37:35,0:39:34,8,15,15,-4103860396894368427,0,0
0:23:53,0:25:28,8,17,17,6476538588473770754,0,2
0:18:17,0:19:13,8,14,14,3011902037044249183,0,1
0:34:03,0:34:50,8,21,21,2680801242386098478,1,2
0:24:56,0:27:56,11,10,10,-3683021658542581864,0,1
0:19:04,0:20:34,7,19,19, 6441827353545550741,0,2
0:20:05,0:20:59,16,15,15,-123980463358287268,0,2
0:17:41,0:18:42,8,19,19,2091421268250444967,0,2
0:18:14,0:20:17,7,19,19,7881875601668150675,0,2
0:17:33,0:18:26,8,15,15,-4971133683166191475,0,1
0:23:45,0:24:35,8,16,16,1903628506554178792,0,1
0:18:20,0:19:13,8,18,18,132747621952823148,0,0
0:24:13,0:25:30,7,25,25,-9030810115305817196,1,2
0:36:08,0:37:33,17,44,44,-3817731647470181660,1,0
0:22:14,0:37:59,8,17,17,-934525118445742232,1,1
0:18:39,0:19:37,8,12,12,7340366589482965600,0,0
0:17:56,0:23:11,8,16,16,-717888917285631888,0,1
0:20:02,0:20:53,8,12,12,2590254834030929670,0,2
0:19:37,0:20:45,7,12,12,641921333547037448,0,1
0:18:09,0:20:05,8,17,17,-6774243109560432222,0,0
0:20:36,0:24:00,16,13,13,-2098961638402971096,0,3
0:35:16,0:36:11,16,30,30,7762839648852469723,2,2
0:21:55,0:23:42,8,18,18,-1692602164445365977,0,3
0:20:04,0:22:35,7,18,18,7286185754725502757,0,2
0:18:12,0:19:11,8,13,13,-5337729607937121939,0,2
0:21:27,0:22:49,8,19,19,3328952652163618055,0,1
0:18:51,0:19:51,7,14,14,-678055738258400644,0,0
0:18:10,0:19:02,8,13,13,-8631433181717468804,0,1
0:18:55,0:19:45,7,27,27,-9038728057170990526,0,0
0:22:01,0:24:11,8,17,17,-7579696577144933015,0,1
0:25:39,0:27:16,8,16,16,-2016015966779013601,0,1
0:19:35,0:21:26,7,17,17,-4245610776064744192,0,1
0:25:20,0:26:38,8,19,19,1082738007348683822,1,0
0:24:43,0:25:38,8,13,13,6358282992187202562,0,3
0:18:12,0:19:28,8,17,17,4213058777724497214,0,1
0:17:47,0:21:01,8,26,26,-172430860343087321,0,0
0:22:12,0:23:02,7,12,12,3628216798644213558,0,1
0:17:52,0:20:22,7,16,16,-8466656025827867619,0,2
0:20:01,0:20:55,7,21,21,5984192972751491516,0,3
0:20:01,0:21:33,9,14,14,-7014209156622483371,0,1
0:20:49,0:22:19,12,12,12,8203257141762583425,0,2
0:30:39,0:31:29,8,14,14,-7424192833989121167,2,0
0:22:49,0:26:13,13,26,26,-3777988427278355944,0,1
0:19:12,0:20:00,7,9,9,-5479469257173044240,0,1
0:22:36,0:24:22,7,11,11,-4114026621540239096,0,1
0:18:08,0:20:26,10,16,16,2921666718805539569,0,1
0:22:31,0:23:30,7,10,10,-5757381467274622049,0,0
0:28:05,0:41:11,10,13,13,1771456561289955333,1,3
0:26:21,0:28:13,8,17,17,-6734962498827161246,2,3
0:22:39,0:23:38,7,16,16,-2988902644491021153,0,3
0:19:00,0:20:55,8,13,13,126595255714611082,0,1
0:19:29,0:20:58,9,16,16,1397281838895985897,0,1
0:21:10,0:22:08,8,13,13,6578020660561247468,0,2
0:22:56,0:39:48,7,21,21,-4425603688411422086,1,3
0:20:11,0:21:00,8,12,12,8492737550745982116,0,3
0:16:32,0:17:28,8,17,17,3579691740210998651,0,3
0:20:45,0:23:46,19,26,26,6351370846274480603,0,0
0:18:05,0:20:04,7,13,13,-2300845900897503475,0,2
0:16:55,0:19:13,8,16,16,-7580534603180529375,0,2
0:15:42,0:17:08,8,16,16,-9016248061637298571,0,0
0:22:32,0:23:29,8,15,15,7896669949789996972,0,1
0:37:14,0:39:28,9,12,12,-2019931838122375592,2,1
0:16:15,0:19:48,8,14,14,-4024038695762121833,0,1
0:18:06,0:22:14,8,14,14,818896031237936790,0,2
0:20:04,0:22:27,7,18,18,5722087189882291237,0,2
0:18:14,0:19:12,7,15,15,-2490621256663410319,0,1
0:17:49,0:18:42,8,22,22,-8103858658341865391,0,1
0:13:48,0:15:13,8,12,12,-5940577219571233171,0,0
0:12:24,0:14:16,7,17,17,-6248645350426846342,0,2
0:14:03,0:16:06,8,15,15,2143435595099115647,0,0
0:17:46,0:20:53,8,17,17,6672758390836230653,0,1
0:19:42,0:21:13,8,18,18,-2051391173058475126,0,1
0:18:17,0:20:00,13,16,16,2006192376500464444,0,1
0:19:12,0:20:01,8,15,15,-7891450499024016441,1,2
0:19:00,0:22:05,8,12,12,6998307606691275540,0,0
0:21:39,0:22:58,8,12,12,-1464788534461645062,1,2
0:18:10,0:19:46,8,24,24,-8979523317416568106,0,2
0:25:46,0:26:36,8,18,18,534015772429999974,0,0
0:19:08,0:20:18,8,19,19,-6999927859207926191,0,0
0:19:44,0:22:55,8,11,11,-4970651449687819353,0,1
0:19:46,0:20:38,8,13,13,8937249370110068581,0,2
0:31:58,0:32:51,8,16,16,7439652319053918688,1,2
0:16:19,0:17:05,8,14,14,-4782386339825487420,0,4
0:19:43,0:21:46,8,11,11,56900346279988734,0,2
0:23:11,0:24:10,8,12,12,1272540356652819399,0,1
0:21:49,0:28:03,8,19,19,-8917692844767376432,1,2
0:15:22,0:16:10,7,15,15,-646632077674883706,0,1
0:18:53,0:19:51,8,14,14,-7818984173775550367,0,2
0:17:17,0:19:20,8,11,11,6165668598653544036,0,4
0:27:38,0:29:47,8,12,12,-6727168491819201695,0,0
0:21:57,0:22:53,7,16,16,8197161553349050270,0,2
0:20:34,0:21:35,8,18,18,4335250808280995841,0,2
0:24:30,0:26:56,12,10,10,1895550705860505782,0,1
0:22:03,0:23:28,8,21,21,-4127804690078393679,0,1
0:23:06,0:25:10,9,15,15,5638333440551295079,1,3
0:17:18,0:20:27,7,12,12,1395178477349371323,0,1
0:16:49,0:18:38,7,15,15,-7565082988144544364,0,1
0:17:39,0:18:57,8,18,18,155102547448209262,0,2
0:17:18,0:18:11,7,19,19,-6123096491695845920,0,2
0:23:18,0:24:56,11,20,20,-5123565167733971999,0,2
0:19:16,0:20:09,8,13,13,-5984843544893911821,0,0
0:27:20,0:28:57,8,17,17,-5634571492476109416,0,3
0:19:00,0:21:09,7,16,16,-5853039172754096932,0,1
0:24:02,0:25:34,8,16,16,-5241528036979278213,0,1
0:15:43,0:17:07,8,14,14,-6475799211320676521,0,3
0:26:37,0:29:15,8,15,15,6339973887000102196,0,1
0:17:43,0:20:44,9,9,9,-6856972213269162386,0,1
0:20:57,0:21:54,8,18,18,-1536290053041609373,0,2
0:22:14,0:24:31,7,11,11,-6822713180877774520,0,2
0:19:02,0:20:00,8,14,14,1732067804266546696,0,0
0:24:10,0:25:08,8,17,17,-5080259578824817792,0,1
0:18:51,0:20:33,8,15,15,3784958318802439515,0,2
0:25:50,0:30:17,10,23,23,-7641111581221167638,1,1
0:24:59,0:25:54,11,16,16,7537965078892554152,0,2
0:18:41,0:20:06,8,15,15,4572511815589559898,0,1
0:20:52,0:21:40,9,11,11,-1703875689391769136,0,1
0:17:13,0:18:05,8,12,12,1758937533141571340,0,2
0:20:48,0:22:26,8,14,14,-1945611732428659612,0,1
0:18:30,0:20:08,7,14,14,-174411556608473160,0,1
0:21:53,0:23:26,9,14,14,8234326717633043719,0,1
0:20:15,0:23:50,8,24,24,6365792863552603038,0,0
0:20:58,0:22:35,9,16,16,-3806818847365587089,0,1
0:18:18,0:19:37,8,15,15,4162144658678099864,0,2
0:31:02,0:31:55,8,22,22,5270593235607957651,0,1
0:22:45,0:25:00,10,12,12,3628674702766002716,0,0
0:17:29,0:19:21,8,16,16,-4382865324372858210,0,0
0:25:52,0:28:17,9,14,14,4603366803116137350,1,1
0:22:46,0:23:48,8,18,18,-6759710328299955429,0,0
0:17:41,0:18:33,7,17,17,4982434033403502315,0,0
0:19:52,0:22:27,8,13,13,-1837519587128133179,0,0
0:16:55,0:18:24,8,21,21,-663410363299377416,0,0
0:20:57,0:26:42,6,3,3,1136226107201084014,0,1
0:16:48,0:19:03,8,20,20,3162364565971163821,0,2
0:16:15,0:17:58,8,17,17,4109432717439031917,0,2
0:15:42,0:17:54,8,13,13,-9034319656750604906,0,1
0:23:07,0:25:27,8,13,13,2421337770293018454,1,1
0:19:22,0:22:18,8,10,10,5335976046033102604,0,1
0:27:58,0:28:52,13,8,8,5402424999730883543,1,3
0:30:58,0:32:19,8,18,18,6314405321541851666,0,0
0:19:01,0:20:01,9,15,15,-6356969570169197791,0,2
0:17:28,0:18:42,8,10,10,-2059250442919849500,0,1
0:23:13,0:25:07,8,16,16,-1266790106903900024,0,1
0:16:20,0:17:39,6,15,15,-1917285614073660048,0,2
0:29:27,0:31:28,9,28,28,-2263834228989541938,0,1
0:17:00,0:19:13,7,18,18,3904692857877108786,0,2
0:22:10,0:23:03,8,18,18,8687184797574794478,0,2
0:31:18,0:33:03,8,10,10,9179705243666295467,0,1
0:21:13,0:22:49,8,20,20,6673156915165535915,0,2
0:20:53,0:24:08,8,19,19,4179272957325651445,0,0
0:32:53,0:34:07,8,15,15,2539830742483734365,0,0
0:16:57,0:18:00,24,10,10,-5584554182130902379,0,1
0:13:49,0:14:45,8,12,12,-5452871020103419793,0,0
0:18:29,0:19:41,8,17,17,-6464594660275526333,0,1
0:16:52,0:17:50,8,15,15,8975911646553880829,0,1
0:19:07,0:20:04,8,16,16,-3935333256402528039,0,3
0:15:53,0:18:23,8,15,15,-9068570102358306955,0,1
0:25:46,0:26:37,8,19,19,-1922586058451451106,0,0
0:20:02,0:20:52,9,16,16,4452031596468682284,0,2
0:19:07,0:21:11,8,18,18,2269697597204197763,0,1
0:11:47,0:13:51,6,9,9,2014609542073222939,0,2
0:35:36,0:36:35,8,12,12,4254302560351251071,0,1
0:17:16,0:18:38,8,17,17,-458675815383373818,0,2
0:19:00,0:20:32,9,14,14,1349276672163115484,0,0
0:19:56,0:22:59,8,26,26,5061555005018755270,0,0
0:18:25,0:20:50,10,20,20,-1987310954890970616,0,1
0:20:51,0:22:34,8,18,18,-1177465993947229571,0,1
0:21:55,0:23:48,8,17,17,1717801764858665459,0,1
0:26:17,0:28:08,8,14,14,-3941048793924444150,1,0
0:17:34,0:18:32,8,18,18,-5692094139187228423,0,1
0:19:04,0:19:56,8,20,20,7907399640957033442,0,3
0:20:48,0:22:59,8,15,15,8120004689342338275,0,1
0:21:39,0:22:41,8,20,20,8401313175978598608,0,3
0:22:19,0:23:11,8,15,15,-838837236673661771,0,0
0:18:49,0:19:40,8,13,13,6278280525545003347,0,2
0:23:52,0:24:41,17,17,17,2017713394753478072,0,2
0:17:16,0:21:45,8,10,10,-2458436693889488012,0,1
0:20:47,0:23:15,8,20,20,5365375617187495776,0,3
0:18:42,0:19:32,8,13,13,-496041765870143587,0,1
0:20:43,0:22:52,7,13,13,7316520363510809585,0,3
0:17:35,0:18:29,8,18,18,-943859346654764215,0,4
0:18:43,0:19:35,14,16,16,-7816399968882548074,0,1
0:21:33,0:22:27,8,16,16,100315012648084381,0,1
0:25:06,0:27:11,6,12,12,2199961344578540651,0,2
0:20:48,0:24:26,9,18,18,1362707106718179157,0,1
0:21:21,0:24:22,8,20,20,5119507767772546870,0,1
0:21:43,0:23:26,8,13,13,4363048645146064015,0,1
0:17:27,0:19:20,8,14,14,-1540496470900892954,0,0
0:26:57,0:27:58,7,14,14,-8357460338866119358,1,0
0:23:07,0:25:57,7,11,11,5406176447399775174,0,0
0:23:01,0:23:53,8,11,11,7296684205528341009,0,1
0:22:28,0:23:36,14,15,15,-8403450793466580040,0,1
0:17:27,0:18:23,8,11,11,-4536069739178342470,0,0
0:18:32,0:19:23,9,17,17,6212860062038747583,0,1
0:16:49,0:17:40,8,19,19,1336709447416117157,0,1
0:13:47,0:14:42,8,14,14,7381319506220483464,0,2
0:16:47,0:17:41,8,12,12,6150500307358188681,0,2
0:15:40,0:25:14,8,17,17,8233640027825030693,1,1
0:18:39,0:20:51,8,14,14,548869866940927711,0,1
0:19:24,0:21:29,9,10,10,8855813325830064127,0,0
0:17:43,0:19:13,9,16,16,4282317778484564955,0,2
0:31:32,0:33:33,8,14,14,412409406392574885,0,0
0:34:35,0:36:50,13,9,9,-8582572191767146828,0,0
0:22:21,0:23:58,8,19,19,-7168098346933444514,0,0
0:30:00,0:32:55,7,16,16,-2490456690959396286,0,5
0:30:17,0:32:51,8,19,19,8029004341934741344,2,4
0:21:57,0:22:50,8,16,16,-5093985925530307796,0,1
0:23:47,0:24:48,8,15,15,5676650407145540539,0,1
0:18:39,0:20:18,8,13,13,-2521845133237053293,0,1
0:20:39,0:23:26,11,17,17,4037424197182747700,1,0
0:17:56,0:19:46,8,20,20,7911983214084049064,0,0
0:19:59,0:21:09,8,14,14,1614802922469616376,0,4
0:20:58,0:22:54,8,15,15,-8977635318020697924,0,1
0:21:54,0:22:55,7,18,18,-7775135047793276177,0,1
0:34:54,0:35:51,9,13,13,-2031620402408012388,1,1
0:16:57,0:17:50,8,15,15,-887446447919228405,0,2
0:20:53,0:23:51,8,15,15,3533220597301100846,0,0
0:18:54,0:19:46,8,16,16,7176708282856445674,0,1
0:18:21,0:19:50,8,20,20,-7178775692581061340,0,2
0:16:46,0:18:20,8,22,22,2913092654965906800,0,1
0:25:16,0:27:22,12,12,12,-4576717030262239469,1,0
0:21:15,0:22:07,9,16,16,556306464648469170,0,3
0:28:01,0:30:03,9,19,19,-3462011422615009916,0,2
0:17:56,0:20:08,8,18,18,-8242651628068870795,0,0
0:18:47,0:20:31,7,16,16,-2627999460229414834,0,3
0:16:53,0:32:25,10,12,12,-214355052800755654,1,2
0:20:58,0:22:25,8,13,13,-4718474185999184874,0,0
0:26:09,0:26:58,8,20,20,-2413979275952869695,0,0
0:21:16,0:22:13,8,18,18,-6514579229287662440,0,1
0:19:30,0:20:50,8,20,20,2403694276067366342,0,1
0:20:04,0:20:57,8,20,20,-6241211704213043974,0,2
0:21:09,0:24:31,7,12,12,-4147368501155153713,0,1
0:15:55,0:17:42,9,23,23,-6933597986259448899,0,0
0:25:43,0:26:40,9,20,20,1274009409693044903,0,2
0:34:21,0:35:14,8,13,13,5433713732400327575,1,2
0:24:21,0:26:38,8,16,16,1889004862532549271,0,0
0:25:34,0:26:45,9,17,17,-5919375580458442793,1,1
0:20:14,0:23:33,8,19,19,-3593579774757612594,0,0
0:22:46,0:23:37,8,17,17,-6765258696355336821,0,0
0:17:37,0:18:25,8,17,17,-1416950739483799986,0,1
0:17:36,0:20:12,8,8,8,1563108869720744164,0,1
0:22:06,0:23:08,8,13,13,6263396937952946903,0,4
0:23:10,0:24:42,8,14,14,-4611550666900265262,0,2
0:17:04,0:17:59,9,11,11,2791563524000093548,0,0
0:25:29,0:26:19,16,11,11,1601172843977112025,0,0
0:23:58,0:25:12,8,17,17,-4898559279166045173,0,2
0:26:19,0:29:49,8,18,18,5399775131254051451,0,1
0:27:10,0:28:51,8,15,15,5510791352260672852,0,0
0:18:28,0:22:59,7,15,15,5789199982974681755,0,3
0:27:52,0:28:47,8,19,19,-6538662664043375439,0,0
0:17:18,0:18:12,12,11,11,-8365080990250332585,0,0
0:16:19,0:17:38,8,13,13,-8310335019530466279,0,0
0:16:40,0:17:31,9,16,16,1542555429071961317,0,3
0:20:47,0:22:29,9,13,13,1306310582596702527,0,1
0:22:15,0:23:41,8,19,19,6534760167544316107,0,1
0:25:54,0:28:53,8,18,18,-470217419594087992,0,1
0:12:44,0:14:15,8,21,21,7956559296095622929,0,1
0:22:08,0:23:45,7,14,14,4689480398941798713,0,1
0:30:43,0:31:41,8,20,20,1134268990275153928,1,0
0:17:47,0:19:29,8,17,17,241453801789588382,0,3
0:26:42,0:28:26,16,15,15,-2945911561381305488,0,3
0:17:11,0:21:46,8,19,19,-3628485743807103603,0,3
0:31:40,0:34:18,7,12,12,-3631353787753690060,2,2
0:19:10,0:20:46,8,24,24,4170190342791488942,0,0
0:25:57,0:26:51,8,15,15,-8313169912392713469,0,0
0:18:17,0:19:36,8,13,13,2806302190509688942,0,0
0:16:09,0:17:04,9,25,25,-4041682661830747452,0,0
0:41:36,0:42:30,9,16,16,-4925849979685835003,1,0
0:26:42,0:28:32,8,19,19,-5900208920098338852,0,1
0:24:45,0:26:24,16,19,19,6036258154215081684,0,2
0:24:34,0:25:32,10,25,25,-5271947373675750315,0,3
0:18:17,0:19:42,7,18,18,7525611606598074906,0,1
0:15:39,0:17:09,7,16,16,-4810792259021186646,0,1
0:24:21,0:25:26,8,16,16,-1097780889244003728,0,6
0:22:49,0:23:48,7,18,18,-5094912032096006516,1,1
0:20:18,0:25:25,8,13,13,4535002796229374223,0,0
0:16:20,0:17:14,8,11,11,2286938144753572560,0,2
0:27:27,0:28:19,8,19,19,-5479786941152780815,0,1
0:24:35,0:25:26,8,20,20,-663569550592698549,0,3
0:20:47,0:21:39,8,18,18,7261535087807560867,0,1
0:17:26,0:19:10,7,10,10,-3722245569297886835,0,0
0:20:37,0:23:19,7,16,16,-996452287004000834,0,0
0:28:55,0:32:19,7,22,22,-7685934459296850567,0,0
0:30:47,0:33:18,8,14,14,8308554146760783921,0,1
0:18:01,0:19:34,8,18,18,-184174608957416913,0,0
0:22:23,0:23:36,8,13,13,-592491218225917799,0,1
0:31:36,0:32:30,9,20,20,-5613221177556137522,0,0
0:31:41,0:33:41,8,20,20,7740440747876087810,0,2
0:11:50,0:13:34,8,13,13,-709369721802865917,0,1
0:19:35,0:21:44,7,9,9,-4605912886401035887,0,1
0:26:32,0:30:06,8,23,23,2594223748481317148,0,1
0:17:22,0:18:13,8,18,18,-5866295833236604255,0,1
0:18:52,0:20:20,7,15,15,7588935273296730963,1,1
0:21:32,0:22:31,7,10,10,6855487968912178481,2,3
0:17:15,0:21:24,8,17,17,5271600954788874460,0,2
0:21:50,0:23:37,8,16,16,-9174140717324063382,0,2
0:18:52,0:20:31,7,10,10,2546692917310604277,0,1
0:19:16,0:21:16,8,12,12,1349714061127901479,0,2
0:22:27,0:23:23,8,16,16,-4710575653738236866,0,2
0:17:27,0:18:15,8,17,17,5605355235203209927,0,2
0:20:29,0:22:35,15,17,17,2228151644432127,0,1
0:27:21,0:28:14,12,21,21,227449926838437511,0,1
0:43:35,0:46:53,8,13,13,2556194426196269132,1,0
0:22:23,0:37:55,8,16,16,6484385106743908901,1,3
0:25:25,0:37:19,14,19,19,6633326489910616178,2,2
0:23:14,0:26:14,8,17,17,-8496206588518080733,0,2
0:28:44,0:29:43,8,14,14,2394903329681145413,0,3
0:29:35,0:30:24,10,16,16,3433090904790623589,0,1
0:25:10,0:26:07,8,17,17,4729440235646027250,0,2
0:14:54,0:16:24,7,17,17,912190090141975246,0,3
0:24:25,0:25:17,9,14,14,7206735641214889459,0,0
0:21:13,0:22:27,8,14,14,-413934229595170472,0,2
0:20:11,0:21:00,8,16,16,-8334355458891539789,0,2
0:29:16,0:30:49,6,13,13,5171833171007372608,0,2
0:23:58,0:24:59,8,16,16,-6949097516172695216,0,2
0:24:34,0:25:28,8,16,16,6290178381498784726,0,2
0:28:26,0:29:49,10,19,19,7512465016506842484,0,3
0:22:47,0:25:46,7,17,17,2666096314318249517,0,2
0:19:08,0:20:09,8,16,16,640391025067178411,0,3
0:34:47,0:35:50,16,23,23,3919814387591013609,2,2
0:20:12,0:22:08,8,18,18,-556127018371799868,0,2
0:16:51,0:18:14,8,14,14,6407171750894365805,1,1
0:25:51,0:27:39,8,18,18,2526054643945725098,0,1
0:27:36,0:28:32,8,16,16,2488372208371347488,1,2
0:23:58,0:24:50,8,17,17,3740919618254793007,0,3
0:35:04,0:36:40,8,11,11,-6637750421246925852,0,3
0:28:05,0:29:49,10,14,14,-1376328098993277195,1,2
0:18:42,0:19:59,8,21,21,-1715897581434516991,0,3
0:22:15,0:23:07,8,16,16,6133251637781826979,0,0
0:16:41,0:18:28,8,13,13,-4514991785745755947,0,0
0:17:29,0:19:01,8,8,8,-4127847314794485102,0,4
0:30:46,0:33:30,8,20,20,2802360332779583102,1,2
0:32:25,0:33:18,8,19,19,-1715323444231772271,0,1
0:25:45,0:26:40,8,18,18,-6666037953639847573,0,2
0:19:05,0:20:27,10,15,15,6639921867995254052,0,0
0:17:18,0:19:13,7,16,16,-2470823250466658560,0,2
0:19:01,0:21:15,7,13,13,-8102863364675436293,1,1
0:13:18,0:14:47,8,11,11,2230264971574304042,0,0
0:18:34,0:19:26,7,19,19,-7076055746181948180,0,0
0:24:30,0:26:36,15,18,18,1843502340348467883,1,1
0:18:44,0:19:36,8,19,19,3822233341223173757,0,0
0:14:54,0:16:58,8,13,13,5143504575720151243,0,0
0:18:47,0:19:45,8,13,13,-2372066584045131519,0,0
0:21:02,0:23:09,9,24,24,5718086708168438582,0,3
0:18:29,0:19:34,8,16,16,-6352459871635822646,0,0
0:20:08,0:20:58,9,16,16,-3626263399853257658,0,1
0:27:05,0:30:40,7,15,15,8295687304207608385,0,1
0:18:19,0:23:00,8,11,11,6526282184512128916,0,2
0:32:40,0:35:32,9,14,14,-2965101776849685938,1,0
0:15:13,0:17:54,6,19,19,8222953251220843427,0,2
0:26:19,0:27:19,8,12,12,7535643703209660476,1,1
0:22:50,0:23:35,8,23,23,2786446274005764347,0,0
0:19:55,0:21:15,8,13,13,5744768125460588081,0,2
0:20:53,0:22:21,9,15,15,5817441874394432725,0,3
0:37:54,0:41:30,19,17,17,-3865861514709034318,0,1
0:21:17,0:24:39,8,15,15,-2066304649162389017,0,0
0:19:58,0:20:52,8,16,16,-2536560163894716238,0,1
0:18:28,0:19:19,8,14,14,14454513652815568,0,4
0:17:16,0:20:04,8,18,18,-3806282453297179041,0,2
0:24:00,0:25:00,8,16,16,8658264042595354305,0,2
0:16:40,0:17:46,8,11,11,-7300607011381463190,0,1
0:21:32,0:22:19,8,15,15,3272570603209960062,0,1
0:15:48,0:17:58,8,11,11,-6306374754044400625,0,2
0:20:50,0:22:28,8,19,19,-7422070792358816601,0,4
0:21:50,0:24:46,13,8,8,8864574096179214044,0,2
0:32:37,0:34:44,8,13,13,8326063757249805955,0,1
0:19:26,0:20:29,8,15,15,-5674840740934800492,0,1
0:26:11,0:28:34,9,18,18,-8854773884134995047,0,1
0:18:29,0:23:00,8,17,17,-3195282226741735893,0,2
0:24:05,0:27:31,7,16,16,6709689462012439734,0,1
0:25:19,0:26:13,8,14,14,-764443090609319033,0,0
0:21:31,0:33:25,8,21,21,-6701015546415192552,1,0
0:28:28,0:32:59,9,17,17,1986937494542339889,1,3
0:22:00,0:23:48,7,17,17,5962184329540983048,0,2
0:19:11,0:23:48,8,23,23,4881505828306724716,0,1
0:15:31,0:18:23,9,17,17,3675780163952388621,0,1
0:26:35,0:32:33,14,23,23,3039152595078069800,0,0
0:19:02,0:21:50,10,17,17,-4486170093016172583,0,0
0:21:04,0:22:03,7,11,11,4466043420712957409,0,1
0:15:47,0:18:11,8,22,22,-8418360022346460661,0,0
0:23:07,0:23:57,8,14,14,2149500689209848201,0,0
0:21:46,0:23:21,8,14,14,-2518707464943835297,1,3
0:20:33,0:21:24,8,15,15,4577187094744513887,0,0
0:34:34,0:35:43,18,16,16,6706568387535457423,0,3
0:21:24,0:24:23,8,15,15,-5346578785877279771,0,1
0:30:10,0:31:36,8,17,17,-8291353371983390319,1,1
0:23:19,0:26:53,8,21,21,2504531534919798866,0,2
0:22:57,0:24:38,12,16,16,-3886447505042090319,0,2
0:23:29,0:25:35,9,21,21,-7997617292498193015,0,1
0:20:48,0:22:18,8,15,15,5961835884360884001,0,0
0:19:19,0:21:08,8,14,14,-2426476811718660973,0,2
0:18:14,0:21:58,7,12,12,5612534142644279709,0,2
0:20:49,0:22:23,9,16,16,-5348393572806869216,0,2
0:17:46,0:19:34,13,16,16,-4809408498189652583,0,0
0:35:02,0:36:00,12,16,16,-9028303082100334690,1,2
0:17:13,0:18:17,8,12,12,4260429244664272952,1,1
0:35:42,0:37:30,17,32,32,-7570438096957961508,2,3
0:47:37,0:49:40,16,27,27,4039452363563142882,1,3
0:19:41,0:21:59,8,11,11,2391969435034336365,0,3
0:22:31,0:23:29,8,19,19,6716846824538282730,0,2
0:28:30,0:31:27,9,13,13,5987178326167780162,0,1
0:23:08,0:24:01,8,14,14,5795939565207645032,0,2
0:41:29,0:43:24,16,18,18,-7209029045050820079,1,1
0:15:58,0:18:29,7,15,15,-241583228151580661,0,1
0:20:04,0:21:22,8,17,17,7354828425522694155,0,2
0:23:59,0:27:16,8,15,15,-4048132931498916847,0,0
0:22:29,0:24:03,8,10,10,177124095238932131,0,1
0:23:09,0:25:24,7,20,20,5311863827490761088,0,2
0:26:41,0:28:08,8,12,12,-6507886914318869881,0,0
0:23:40,0:25:04,10,17,17,1946431789120613758,0,2
0:21:40,0:23:27,10,16,16,7916884177372449150,0,1
0:26:23,0:27:51,8,11,11,4497736222197889734,0,0
0:18:49,0:20:02,8,20,20,5893450710437131173,0,2
0:29:22,0:32:03,7,11,11,4693228001629349765,0,0
0:15:41,0:17:32,7,14,14,-5826624975325688268,0,0
0:33:45,0:34:52,11,14,14,7404678277864785967,3,2
0:25:09,0:29:17,8,18,18,638230376137851226,0,0
0:22:21,0:24:20,8,11,11,-1748452001391416930,0,1
0:28:47,0:30:16,8,15,15,5695437506162224231,0,3
0:25:06,0:26:05,9,21,21,7541167484892973318,0,0
0:25:06,0:26:05,8,13,13,-6637879782174945236,1,2
0:23:32,0:25:17,8,14,14,-6300633545795458684,0,4
0:27:16,0:28:31,8,14,14,-2578737207318239043,0,3
0:26:59,0:28:58,18,15,15,-62720328918154945,0,0
0:27:31,0:29:19,8,16,16,5147316175875878390,0,1
0:21:52,0:24:18,8,16,16,-7710772339017825510,0,2
0:20:45,0:25:01,10,13,13,-5474443643937317940,0,2
0:26:44,0:30:46,8,16,16,-2255293516406495865,0,1
0:24:30,0:26:19,8,14,14,8027913263426240233,0,2
0:33:40,0:36:04,9,18,18,778974521350269302,1,0
0:22:30,0:24:21,8,14,14,-1555114115101240000,0,1
0:24:30,0:27:57,7,3,3,5807876635699278916,0,1
0:25:25,0:28:17,9,13,13,-2067087663083713567,0,1
0:41:19,0:43:10,9,21,21,-1398590681327149061,1,4
0:25:06,0:27:28,8,14,14,-2137727532879157612,1,3
0:31:55,0:33:54,11,16,16,480599666823320506,0,2
0:29:16,0:30:25,9,18,18,4093414314642759472,0,1
0:24:50,0:26:29,8,11,11,2338870057568858000,0,0
0:35:49,0:39:23,9,15,15,5038416759965929170,2,0
0:24:21,0:26:10,8,17,17,2399477225275667126,0,0
0:42:39,0:45:57,10,21,21,-3181314293765719009,1,0
0:53:42,0:55:42,10,16,16,7683153440334547032,2,2
0:31:27,0:32:44,9,27,27,-8353401693234974822,0,2
0:17:00,0:41:30,7,14,14,-5108464382903945737,3,2
0:25:07,0:27:37,8,23,23,-6243460741593627997,0,4
0:29:04,0:33:23,8,19,19,6168268068392273533,0,1
0:25:30,0:27:21,16,25,25,-7800392865100161422,0,1
0:42:00,0:43:52,15,35,35,8582399668541921804,1,1
0:32:09,0:35:15,8,9,9,8834880165433094396,0,0
0:16:47,0:19:13,8,18,18,8178861473340999945,0,1
0:29:28,0:31:01,9,18,18,7269580151225140884,0,3
0:31:40,0:35:07,8,11,11,-4292380995585157641,0,1
0:25:44,0:27:07,8,16,16,-3945146600656185833,1,1
0:19:38,0:22:43,7,13,13,4432388732402613565,0,0
0:24:43,0:27:07,8,22,22,-7598289357665960253,0,1
0:32:21,0:37:11,9,22,22,969650568358636803,0,0
0:21:30,0:23:36,8,20,20,638836018520728482,0,1
0:25:19,0:32:17,9,17,17,-223857682982261898,0,1
0:25:13,0:26:55,8,11,11,3412779425234712760,1,3
0:25:59,0:28:17,8,14,14,-8943652290048459132,0,3
0:41:16,0:43:01,8,14,14,3217155960454347768,0,0
0:22:47,0:24:56,9,17,17,420514932312779205,0,1
0:45:07,0:48:59,8,22,22,8451825489532448507,0,2
0:21:49,0:24:35,8,9,9,7009937604584600726,0,2
0:26:47,0:28:53,8,16,16,-1196294875712131335,0,1
0:28:39,0:30:29,8,21,21,6319907159614137871,0,3
0:20:11,0:21:42,9,23,23,-5549803188733695561,0,3
0:27:42,0:29:44,8,18,18,-4814510853693634341,0,1
0:26:10,0:28:04,8,12,12,-126409400114470428,0,3
0:26:30,0:29:13,8,11,11,194049416254397642,0,2
0:45:56,0:49:57,10,19,19,-7694367892610265801,4,0
0:29:06,0:32:19,8,16,16,7763337480908220385,0,1
0:34:37,0:37:28,9,20,20,2210290941958967946,2,1
0:23:12,0:26:39,7,15,15,-3916984529043717947,0,0
0:25:48,0:28:09,8,15,15,3875628220105561499,0,2
0:21:06,0:23:02,8,18,18,423014776323732829,0,0
0:25:30,0:29:16,8,18,18,2956245815134672496,0,2
0:34:07,0:37:02,8,22,22,8194003921306712167,0,1
0:24:13,0:25:59,9,18,18,6655843471713911557,0,0
0:30:46,0:33:04,8,18,18,7995775340748648125,0,2
0:25:19,0:27:29,9,17,17,5114766340355503326,0,0
0:29:03,0:33:53,8,18,18,-3940085587555880000,0,2
0:31:57,0:32:53,8,12,12,6241683183224940396,1,4
0:17:01,0:19:41,8,18,18,-5621256619961456601,0,0
0:18:39,0:19:34,7,19,19,6264514874453305281,0,3
0:18:40,0:20:29,8,18,18,-2057421366010658258,0,1
0:20:10,0:21:48,8,16,16,2420275442861023598,0,1
0:26:55,0:28:08,8,10,10,1916519488557159942,0,1
0:16:08,0:16:59,8,15,15,-479615525459484675,0,1
0:20:34,0:22:11,8,12,12,-5360424498227451635,0,1
0:26:32,0:28:02,8,13,13,-3931640316288171565,2,1
0:17:38,0:20:04,8,13,13,3752473360852703633,0,0
0:13:12,0:13:47,9,20,20,-5978347373604070791,0,1
0:22:54,0:23:50,8,16,16,1556602268206076939,0,0
0:21:32,0:22:41,8,14,14,-6142468751017823616,0,0
0:26:06,0:27:41,12,19,19,5456850799740067783,0,4
0:17:44,0:38:10,9,12,12,-6905506288829524947,2,2
0:16:45,0:18:32,8,12,12,5233413947219844403,0,2
0:35:03,0:36:17,16,16,16,8700253775642900159,0,2
0:42:03,0:43:08,19,17,17,-6834338774086689786,3,0
0:24:30,0:25:56,15,17,17,4062043242198628104,0,0
0:26:49,0:27:50,8,12,12,2605084977831901053,0,1
0:39:46,0:41:46,8,13,13,3247015273476339775,0,1
0:19:15,0:21:06,8,14,14,-294504749602391122,0,2
0:19:32,0:21:02,8,13,13,-619536782865038842,0,1
0:31:12,0:32:12,9,19,19,-6431344603623907404,0,3
0:28:22,0:30:13,12,22,22,6593049547728061292,1,0
0:18:15,0:19:26,10,21,21,-1193584250183053087,0,2
0:29:09,0:30:45,16,15,15,1476458963160707121,1,0
0:20:43,0:21:44,8,15,15,7483967226245059092,0,3
0:21:12,0:22:53,10,14,14,915428465353812736,0,2
0:18:09,0:19:03,14,16,16,-3001874755746555042,0,1
0:14:25,0:24:05,6,12,12,6638109232686831,1,1
0:18:29,0:19:59,9,12,12,8666118480737820059,0,1
0:21:15,0:24:03,7,13,13,2607109382284337509,0,0
0:14:11,0:16:20,8,15,15,-2328469756771795192,0,1
0:16:33,0:20:49,8,13,13,-8282485228437362351,0,0
0:18:12,0:19:07,8,14,14,-7449372089581770180,0,2
0:18:46,0:19:43,9,13,13,-9072085371819441314,0,1
0:31:52,0:33:40,8,15,15,3650601096982008948,2,1
0:20:38,0:21:32,8,11,11,-4332206825657115651,0,1
0:17:24,0:18:21,7,11,11,8047901756153456748,0,1
0:21:20,0:22:57,8,16,16,4961284259779023927,0,2
0:20:40,0:21:40,8,12,12,-5562763564082039140,0,1
0:24:38,0:25:33,8,17,17,1032985599989504440,0,0
0:25:39,0:28:50,9,15,15,-409727668448614387,0,1
0:29:23,0:31:38,7,22,22,-5210223528234601461,0,1
0:21:15,0:22:19,8,13,13,2082257674897667074,0,2
0:14:38,0:16:45,7,19,19,-5574135694427667423,0,2
0:23:50,0:24:51,8,14,14,7775672780893470033,0,0
0:23:48,0:26:26,7,17,17,1236048257658675999,0,0
0:24:46,0:26:13,8,13,13,-3743846210301002190,0,1
0:40:54,0:42:17,8,12,12,-113630454197230526,1,0
0:20:20,0:21:21,9,12,12,5798765743832367470,0,3
0:21:06,0:23:11,9,12,12,-8961109130816239111,0,1
0:29:25,0:30:57,8,16,16,-7475919868743092527,0,1
0:25:48,0:26:44,12,16,16,-7792009735802371567,0,1
0:18:10,0:19:25,8,18,18,4305694551460228386,0,0
0:18:37,0:20:54,8,9,9,7953372679077316676,0,0
0:34:08,0:35:53,8,21,21,-5221591292781131287,2,1
0:41:30,0:42:24,15,32,32,-6013219764582001975,6,1
0:23:34,0:25:43,12,23,23,1939293671389915442,0,1
0:37:09,0:38:16,8,13,13,6078454211189362813,1,0
0:23:03,0:42:58,9,14,14,9037750949270031351,2,3
0:24:44,0:25:42,8,15,15,1023089509690790895,1,3
0:16:34,0:18:40,10,14,14,984544163387664562,0,1
0:17:29,0:18:56,9,18,18,-3883239290263323210,0,0
0:15:11,0:19:33,8,10,10,-7139361632597475685,0,0
0:26:25,0:28:46,9,15,15,-3774148314194998121,0,3
0:19:06,0:20:18,8,18,18,-3770244829319463028,0,2
0:14:29,0:16:50,8,15,15,5007452273968803153,0,2
0:21:06,0:24:18,8,13,13,-8028351885872698983,0,0
0:18:34,0:21:10,8,19,19,2638861517912554960,0,2
0:20:38,0:23:00,8,12,12,-178545847606713968,0,1
0:13:49,0:15:05,8,10,10,2658773281684013494,0,1
0:29:24,0:30:21,9,18,18,-553586835829230120,0,1
0:20:54,0:22:25,8,16,16,-5547001771967489900,0,1
0:22:19,0:23:24,8,19,19,8999909754815524535,0,5
0:26:58,0:27:57,10,16,16,-2222981867681077830,0,2
0:28:04,0:29:09,8,24,24,-6974858721265354713,0,3
0:25:35,0:28:20,8,29,29,5489723862799456380,0,1
0:21:01,0:22:55,8,11,11,-6062728807627475484,0,1
0:19:29,0:21:22,9,14,14,4726671129379352531,0,2
0:22:36,0:23:39,8,20,20,8982773031298702588,1,1
0:33:09,0:35:35,16,16,16,6525886917974015567,3,0
0:18:38,0:19:36,8,12,12,4595334978189440222,0,1
0:22:42,0:23:34,8,17,17,8595484788246052414,0,0
0:21:38,0:24:16,8,13,13,2278388093415435877,0,1
0:24:52,0:26:30,8,18,18,-351163206601264036,1,1
0:21:16,0:23:32,14,19,19,7908738115337402597,0,2
0:21:24,0:22:19,8,19,19,5835796046976726076,0,2
0:22:41,0:24:23,9,15,15,5066019030913137861,0,2
0:29:48,0:30:59,8,10,10,-3933110090958993973,1,0
0:20:43,0:23:24,8,13,13,9137081300161962359,0,0
0:22:05,0:23:06,8,17,17,-6177835400007528910,0,0
0:26:01,0:27:37,8,9,9,5579991416272126484,0,0
0:19:25,0:20:16,8,22,22,5189348751792158469,0,1
0:18:46,0:20:03,8,16,16,434715863395219394,0,1
0:27:26,0:30:43,8,20,20,4283357427230269060,0,0
0:24:20,0:25:34,9,17,17,-7242668753042872390,0,0
0:21:51,0:23:29,7,16,16,4697033058278724546,0,0
0:20:10,0:25:19,6,18,18,-518764339582032943,1,1
0:21:03,0:23:06,8,13,13,-5573174626496367464,0,0
0:20:43,0:22:05,8,17,17,-5554263299141219216,0,2
0:13:49,0:15:41,7,11,11,1281829753818407837,0,1
0:29:37,0:31:29,16,14,14,-3083390291826269198,1,2
0:21:40,0:22:58,8,21,21,-1457204640707244068,0,2
0:17:02,0:18:38,7,13,13,7668262666343639159,0,1
0:21:37,0:23:01,11,12,12,2906256174499497059,2,0
0:21:07,0:22:06,11,15,15,-1748249210083387749,0,1
0:19:18,0:20:10,8,18,18,5986334843105218900,0,2
0:24:29,0:26:28,8,11,11,-2284376218292734532,0,1
0:18:45,0:20:45,7,12,12,1237534509405398491,1,2
0:18:38,0:19:54,12,13,13,1285588073324845015,0,2
0:20:22,0:21:23,9,29,29,-3349328414017829122,0,0
0:33:48,0:35:56,8,7,7,6034290864664076002,0,0
0:29:03,0:30:36,8,27,27,-439447907770415386,0,1
0:19:52,0:21:24,8,15,15,-6527511691748769493,0,0
0:21:08,0:25:00,9,15,15,-2114556152870729080,0,1
0:25:27,0:27:46,8,23,23,5053151256200784230,0,1
0:43:49,0:44:58,16,42,42,-7779209879619111140,2,3
0:32:49,0:46:32,7,17,17,-8315245097089147424,2,3
0:46:41,0:49:31,8,18,18,-5869810387715049390,1,1
0:22:56,0:24:33,8,25,25,-1384072363531535995,0,0
0:24:09,0:25:04,7,17,17,6220922911277070452,0,0
0:23:46,0:25:52,8,15,15,2408799812520360514,0,1
0:31:41,0:33:00,7,20,20,-3130137446806156869,1,1
0:16:37,0:17:55,8,16,16,-177890909467526216,0,0
0:20:25,0:22:10,8,16,16,-1924317587013668169,0,2
0:21:20,0:23:03,10,15,15,-8554040429416981107,0,1
0:20:28,0:21:47,8,15,15,7888543995027856334,0,1
0:25:22,0:26:14,7,23,23,549754818729604582,0,1
0:25:40,0:28:24,7,10,10,6183991439709333555,0,3
0:20:10,0:21:09,7,20,20,-9169734828369362188,0,4
0:18:46,0:22:05,8,11,11,-5913805932652364846,0,1
0:28:27,0:29:22,8,17,17,-9145062238909675796,2,1
0:18:21,0:19:28,10,16,16,-8801459859827605990,0,1
0:17:24,0:18:24,8,18,18,-8517913567706397089,0,0
0:25:33,0:28:49,8,12,12,7719987903179593865,1,2
0:16:31,0:17:55,10,12,12,1188102982134507128,0,1
0:19:23,0:21:33,11,17,17,-9191639419010455432,0,0
0:17:25,0:18:17,7,12,12,7529240164451188374,0,2
0:19:10,0:22:26,9,14,14,8437286733488927438,0,2
0:33:17,0:34:58,9,18,18,-4370737958760766198,2,1
0:18:12,0:19:13,8,18,18,6208536295327230534,0,1
0:18:48,0:20:00,8,23,23,-2231257003078546891,0,0
0:24:18,0:26:09,8,13,13,5410133156712966533,0,0
0:26:48,0:27:54,9,21,21,5156727250213882440,0,0
0:21:35,0:23:04,8,16,16,-8021832958755699963,0,2
0:24:20,0:26:00,8,17,17,-8606230925538430694,0,1
0:20:28,0:21:43,8,9,9,-896576858669341975,0,2
0:20:36,0:23:17,8,13,13,-3146016076942895364,0,0
0:16:57,0:19:03,8,15,15,1098792834214745823,0,4
0:21:12,0:22:38,9,9,9,-2031831419450408836,0,0
0:15:02,0:16:26,8,23,23,-8424135169590883484,0,1
0:26:29,0:28:27,11,15,15,2225070784657940750,0,4
0:20:05,0:21:08,8,20,20,-8527181896400036930,0,2
0:18:30,0:19:30,7,14,14,-7070274027667074459,0,1
0:27:01,0:28:00,9,22,22,-999013625921521356,0,0
0:17:07,0:26:11,7,13,13,-4357662312570254510,1,0
0:18:46,0:21:31,10,18,18,-4939279038714723016,0,0
0:25:31,0:26:26,7,11,11,4268271568819827124,0,1
0:20:31,0:21:56,8,12,12,1161580932594868605,0,3
0:21:20,0:23:52,8,17,17,-7776314717686978512,1,0
0:31:45,0:32:44,14,15,15,-3843600486871027047,1,0
0:22:04,0:24:15,8,19,19,8521454244668301705,0,3
0:15:16,0:16:15,8,18,18,-7474583590241638828,0,0
0:19:21,0:20:52,8,15,15,3694195305550222641,0,1
0:22:40,0:25:17,13,22,22,389314372026304211,0,0
0:23:28,0:26:50,8,12,12,46812329750299130,0,0
0:18:32,0:22:14,7,21,21,3948971030208186636,0,0
0:19:58,0:20:53,7,14,14,3664023870335020296,0,1
0:22:47,0:23:42,12,23,23,3856248548486263418,0,1
0:19:47,0:21:42,8,24,24,1079625843457500349,0,2
0:26:53,0:27:47,8,15,15,1371746625510544690,0,0
0:26:53,0:28:05,8,11,11,-5523191299905006813,0,0
0:19:41,0:21:08,,,,,0,0
0:30:16,0:31:15,12,27,27,-4456475455457399334,0,1
0:20:02,0:20:57,8,15,15,5906882851823395206,0,1
0:15:57,0:18:27,8,15,15,4082367597968415505,0,0
0:21:06,0:23:48,7,21,21,7104809503249353636,1,1
0:23:26,0:25:03,8,10,10,-7517662897023263624,0,1
0:19:55,0:21:09,8,15,15,8832179834269378865,0,1
0:21:39,0:22:30,8,15,15,-7897655728704616603,0,0
0:28:22,0:31:00,8,15,15,-2725993754464832222,0,1
0:15:53,0:17:43,7,18,18,7712477800187397274,0,2
0:17:15,0:18:06,9,10,10,-4577468218091429607,0,1
0:17:51,0:18:50,7,17,17,-4773651224386119868,0,1
0:18:49,0:20:03,8,16,16,7487156297057956220,0,1
0:30:33,0:31:55,9,19,19,-2665962296708752450,0,1
0:24:52,0:27:20,13,18,18,740105744336440878,1,0
0:19:12,0:20:12,8,14,14,-7848800673690030953,0,1
0:23:39,0:25:10,7,16,16,-5756525569471836089,0,1
0:21:51,0:23:04,8,15,15,3735966704441119284,0,2
0:21:54,0:24:33,8,13,13,9141859543673357509,1,2
0:22:19,0:23:14,16,15,15,-5524340314658975550,1,1
0:18:29,0:21:14,9,19,19,5424947332200718936,0,1
0:19:56,0:21:49,7,11,11,882085928681052829,0,0
0:26:55,0:28:10,10,4,4,7808633927999874065,0,1
0:17:06,0:20:10,10,14,14,3958158415426925891,0,3
0:13:32,0:14:49,6,14,14,-4853001158380186747,0,2
0:18:21,0:19:20,8,17,17,-7373630004344682247,0,1
0:24:40,0:26:03,8,24,24,6765250227388483378,0,0
0:20:47,0:21:45,8,15,15,4441418993890682258,0,0
0:25:32,0:27:55,10,15,15,5274312571992926763,1,1
0:24:21,0:26:55,8,14,14,9210881515732251020,0,1
0:18:35,0:21:47,8,13,13,2311159176291492666,0,1
0:20:56,0:21:58,8,14,14,6339328758700069841,0,0
0:21:58,0:22:49,9,11,11,3964103481999482881,0,1
0:21:54,0:23:43,9,15,15,-9093016607418478223,0,0
0:22:26,0:53:02,9,18,18,1600789634709424701,2,2
0:23:18,0:25:19,8,18,18,846977818477443666,0,0
0:47:58,0:48:57,14,18,18,3570618640674207360,3,0
0:16:33,0:18:49,9,18,18,-7210742333997369021,0,2
0:16:16,0:19:08,8,12,12,2870744755252911797,0,1
0:35:22,0:37:54,7,13,13,-650395525631961584,1,1
0:21:42,0:22:39,8,20,20,-2667571892767407055,0,1
0:23:16,0:27:03,9,11,11,1611459948459447633,1,0
0:18:18,0:21:28,8,11,11,-3110698433724663903,0,1
0:20:43,0:22:29,8,14,14,-4729852386476213842,0,0
0:18:20,0:19:19,8,15,15,-9135380266284586232,0,0
0:27:31,0:32:00,9,14,14,-9115471602847020953,1,1
0:35:46,0:37:05,9,15,15,3855112483182976079,1,0
0:25:12,0:26:31,8,23,23,-9123211892365695904,0,0
0:17:44,0:19:27,8,11,11,-8799238758073166965,0,1
0:22:38,0:24:04,8,23,23,-1946745292124910648,0,1
0:20:35,0:21:43,8,11,11,5437259032952653909,0,0
0:25:56,0:27:40,8,17,17,-2288216356697496740,1,1
0:22:35,0:25:57,7,12,12,-8191301571408458390,0,0
0:23:16,0:24:37,10,22,22,-2035659858069811057,0,2
0:16:37,0:18:31,7,21,21,6928618688181977135,0,1
0:23:45,0:25:12,7,15,15,-6996222003233685491,0,0
0:22:19,0:24:10,8,10,10,-6545660804888453724,0,2
0:19:48,0:21:06,8,18,18,-1218685387461090468,0,1
0:20:12,0:21:45,8,10,10,2970165305181221303,0,1
0:23:00,0:23:51,8,20,20,-8976235661968514842,0,0
0:20:54,0:22:04,8,18,18,7248611405439144237,0,2
0:20:24,0:23:26,9,23,23,3832175434753596424,0,1
0:28:29,0:29:21,7,15,15,-1755203579738132833,0,4
0:25:39,0:27:44,8,20,20,8111087261654184996,0,0
0:17:24,0:18:50,9,24,24,1506322420872805532,0,0
0:20:52,0:22:41,14,23,23,1713892057372959196,0,1
0:28:38,0:29:53,8,13,13,-6458594998385057007,0,0
0:22:22,0:23:45,8,20,20,59852374539457419,0,0
0:37:48,0:39:15,18,12,12,-5375257690868073510,2,1
0:18:34,0:20:10,8,14,14,2428610754639775512,0,0
0:22:51,0:23:46,8,19,19,-370782947480543530,0,0
0:30:17,0:32:08,12,15,15,-2708208560854460124,0,0
0:19:43,0:21:23,8,14,14,-2370082853443036411,0,1
0:16:59,0:17:54,8,17,17,327251741608888836,0,0
0:18:01,0:20:28,8,19,19,6191079523606062380,0,1
0:22:43,0:24:37,9,19,19,-3352110278538298853,0,1
0:16:38,0:19:38,8,14,14,-7655165081558487642,0,0
0:17:55,0:21:00,8,15,15,-1736216419988079713,0,1
0:31:17,0:32:12,8,20,20,-9217650385372245957,1,1
0:20:04,0:20:55,8,15,15,-3339981346322755731,0,3
0:13:49,0:16:40,8,19,19,7530636995604526220,0,0
0:25:32,0:26:45,,,,4865489552892485460,0,0
0:15:43,0:16:38,8,21,21,-1702819189349505792,0,0
0:19:45,0:21:19,8,16,16,-2231449328628924148,0,2
0:32:01,0:32:52,8,10,10,3041287633680473330,0,2
0:21:39,0:24:29,8,19,19,-5969253273754989242,0,0
0:24:00,0:27:45,9,15,15,3098868213145448370,0,1
0:24:44,0:25:35,7,15,15,7000815055511107602,1,0
0:18:18,0:26:25,11,18,18,-1559397761712105748,0,1
0:17:23,0:19:12,7,13,13,-3118361262085068231,0,0
0:38:32,0:39:26,16,21,21,4398954404554699276,2,2
0:18:20,0:19:11,8,14,14,7135430683078533499,0,3
0:24:40,0:26:24,7,11,11,-6035496563823220748,0,1
0:26:17,0:28:07,9,22,22,2114001103916054333,0,1
0:23:44,0:26:21,8,17,17,-3612707207356320169,1,2
0:19:27,0:20:51,8,12,12,6146792863277648697,0,4
0:22:30,0:25:19,8,17,17,-8625861407097739063,0,3
0:23:45,0:24:40,8,13,13,-5515524853193678156,2,3
0:23:06,0:24:59,9,13,13,-2809687095168395628,0,1
0:17:57,0:19:30,8,25,25,1510057641813737468,0,3
0:18:55,0:19:56,7,14,14,9160770696734532289,1,4
0:30:27,0:31:45,11,16,16,-1442031816865067175,1,1
0:18:12,0:19:47,8,23,23,4650638825127709433,0,0
0:23:25,0:26:17,10,18,18,-2506755917149795878,0,2
0:26:52,0:27:50,8,15,15,8926653175359378966,0,0
0:29:48,0:31:30,16,27,27,-2580010378180740058,0,0
0:16:33,0:18:51,8,16,16,244042763147009942,0,3
0:17:22,0:18:21,8,13,13,8745306919930135247,0,3
0:21:25,0:22:21,15,19,19,6383114931030193631,0,1
0:18:38,0:20:14,8,18,18,6162217445079965572,0,0
0:15:23,0:16:39,11,24,24,-5704973715755077916,0,4
0:22:07,0:23:28,8,13,13,-2228694408753651078,0,2
0:15:57,0:18:19,8,22,22,2200182312792840586,0,1
0:22:11,0:23:06,8,15,15,-9109857889523772890,0,3
0:21:41,0:23:37,8,21,21,8933908276051558872,0,2
0:22:04,0:23:17,8,15,15,4792551489729275457,0,2
0:20:20,0:22:50,8,11,11,-5844757261169389996,0,1
0:30:21,0:33:59,9,18,18,5584724542445393451,2,1
0:18:42,0:20:08,8,13,13,2576194592607970625,0,2
0:21:43,0:23:04,8,17,17,2107954719262530276,0,1
0:22:32,0:23:36,9,13,13,954892311877780445,0,1
0:22:20,0:26:00,8,14,14,-2913117608215284706,0,3
0:20:02,0:21:55,8,16,16,7003496473603556787,0,0
0:31:21,0:37:47,9,22,22,-5291765666445919680,1,0
0:21:08,0:22:08,8,11,11,7050186405327297330,0,0
0:27:47,0:29:08,9,19,19,3269932110913982631,0,1
0:27:10,0:28:01,11,17,17,-3371649303052458849,0,1
0:15:01,0:17:50,8,14,14,-8182613098260336890,0,2
0:24:05,0:25:21,8,16,16,,0,4
0:19:51,0:21:56,7,13,13,,0,1
0:27:26,0:29:08,8,14,14,,0,2
0:20:08,0:21:08,9,5,5,,0,3
0:16:42,0:17:59,8,28,28,8939144028300184308,0,2
0:16:19,0:18:23,8,14,14,-1385091777879286994,0,0
0:25:30,0:26:24,8,19,19,-2601075556910991777,0,0
0:16:39,0:25:51,7,15,15,8338090948479502167,0,2
0:27:01,0:28:02,8,18,18,4105476427522671874,0,3
0:35:23,0:38:09,9,14,14,6959760184043415006,2,2
0:17:51,0:19:05,8,18,18,-6844237070684304683,0,0
0:21:21,0:22:46,8,11,11,,0,2
0:18:33,0:19:46,16,15,15,0/-7034946441872538067,0,4
0:19:51,0:20:43,11,25,25,-8483306419760951972,0,1
0:21:19,0:23:04,8,23,23,5832237230137649582,0,1
0:20:57,0:21:56,4,6,6,2706725536919477494,0,0
0:23:16,0:24:33,9,17,17,2668438345481682757,0,2
0:28:24,0:29:15,8,13,13,6542816044792915496,0,1
0:40:58,0:43:10,8,17,17,,0,4
0:31:25,0:32:24,8,18,18,-541149871643370226,0,1
0:25:22,0:26:38,8,13,13,1847632419195525355,0,1
0:19:58,0:20:51,8,18,18,1556613661439496516,0,0
0:23:59,0:24:58,8,12,12,-3654392185392194161,0,2
0:22:44,0:24:15,8,18,18,4588161513811226470,0,1
0:20:27,0:21:25,8,22,22,6921410824320142770,0,2
0:22:48,0:23:39,8,14,14,6171979677366917104,0,2
0:23:41,0:24:57,8,20,20,-4614448365480485080,0,0
0:19:01,0:19:56,8,19,19,,0,1
0:31:17,0:32:53,10,12,12,3364759693835266985,0,1
0:16:04,0:18:11,7,14,14,-945952726730342888,0,0
0:20:28,0:21:28,6,16,16,6180805178227786205,0,2
0:28:25,0:29:18,7,9,9,-1412773172989985666,0,0
0:20:11,0:21:37,7,10,10,-5866264107245922218,0,0
0:25:54,0:26:44,7,17,17,1397743498955101461,0,1
0:18:09,0:20:33,8,17,17,4760535215071148844,0,1
0:21:48,0:23:07,9,19,19,1946390889849322811,0,2
0:18:00,0:19:25,8,17,17,1511849764911976657,0,2
0:19:26,0:20:20,7,21,21,7427871893548831139,0,0
0:18:42,0:20:22,8,13,13,7607151898207833337,0,0
0:23:37,0:25:06,8,14,14,-3488096137040307472,0,0
0:21:53,0:23:07,8,27,27,658436974866586783,0,1
0:16:15,0:17:09,7,12,12,-5939626957585077829,0,1
0:34:22,0:36:23,18,24,24,-9031703441784870890,0,0
0:16:59,0:18:08,9,12,12,1742084130930010456,0,0
0:19:58,0:22:47,8,17,17,-9153405139995126058,0,0
0:16:50,0:17:48,8,10,10,3093549703431742275,0,0
0:18:29,0:20:22,8,15,15,8355167449026193733,0,0
0:27:45,0:30:23,7,13,13,-4766565811688734156,0,2
0:20:08,0:21:10,8,24,24,2425139892571704729,0,1
0:27:25,0:28:53,8,20,20,-3392020110867521309,0,0
0:20:49,0:22:56,8,20,20,2726035844292190287,0,0
0:11:56,0:15:09,7,12,12,5559302499329638999,0,1
0:20:47,0:22:19,8,15,15,2625975464966268132,0,1
0:29:46,0:30:47,8,15,15,-8195228924436371399,0,2
0:14:24,0:15:28,8,13,13,3702459904769905029,0,1
0:22:03,0:25:47,8,12,12,6490595479137515653,0,0
0:19:22,0:21:57,8,13,13,2758468192771751804,0,0
0:28:29,0:29:26,8,16,16,-2039757535743157650,0,1
0:19:32,0:21:26,8,18,18,-3915427656854883593,0,1
0:25:15,0:26:43,7,20,20,-7459862401195787925,0,0
0:19:01,0:21:09,8,23,23,6392669360814989022,0,0
0:19:31,0:20:25,8,20,20,-4979237933269967481,0,3
0:25:17,0:26:08,8,15,15,1761196571177326383,0,0
0:21:19,0:22:43,8,24,24,-3317453170050354063,0,4
0:21:16,0:22:11,7,11,11,-2718336787465827340,0,1
0:14:17,0:15:57,10,17,17,-4655311237538093802,0,1
0:18:26,0:19:39,8,13,13,5264032790322205631,0,2
0:30:50,0:32:31,8,14,14,8598034732687075635,1,0
0:17:24,0:19:37,8,13,13,582804257463812410,0,1
0:17:11,0:18:05,8,12,12,5304839680466345614,0,0
0:18:42,0:20:14,8,15,15,9044327628248314414,0,1
0:20:26,0:21:53,7,17,17,-8440787424127311242,0,3
0:19:09,0:20:13,8,14,14,-4755008746963146475,0,0
0:16:21,0:18:16,8,13,13,23982654614631656,0,2
0:19:11,0:23:56,8,17,17,-3234429159857796884,0,0
0:24:44,0:25:44,8,12,12,-4509192878870252513,0,0
0:25:08,0:26:54,8,11,11,9050453767186870953,0,1
0:20:11,0:25:34,8,13,13,8026171447377356177,0,0
0:19:33,0:21:26,7,17,17,-3788375723365125671,0,0
0:25:42,0:27:03,8,19,19,1299462669418801610,0,0
0:16:08,0:17:07,9,17,17,5066055447937528151,0,1
0:18:25,0:19:51,8,19,19,6173808537917011675,0,3
0:17:10,0:18:25,7,18,18,8280161048371544709,0,1
0:31:20,0:32:16,9,11,11,-9102007712914984440,0,1
0:15:35,0:16:37,8,19,19,5312471752756845487,0,1
0:32:27,0:35:12,8,18,18,-1261197672393300050,2,1
0:26:20,0:27:16,7,12,12,-3141202602076680477,0,2
0:22:31,0:24:16,8,15,15,8540716370199275662,0,2
0:25:17,0:26:40,11,15,15,-6374101368403189460,2,2
0:32:06,0:33:22,8,15,15,-1206309833100758267,2,1
0:16:31,0:19:12,8,12,12,-2013747662332108495,0,0
0:22:14,0:33:19,8,15,15,401424179665168311,1,1
0:20:57,0:21:58,8,14,14,3157266447547634034,0,2
0:27:14,0:29:19,8,11,11,659996903846077859,0,0
0:18:23,0:19:24,13,9,9,-961588408150549282,0,1
0:16:46,0:19:01,8,11,11,1928578977357407650,0,0
0:24:45,0:25:40,8,18,18,-9196421504957014884,0,2
0:23:08,0:24:08,8,14,14,3885308434425953731,0,1
0:15:30,0:18:00,9,12,12,1371086123422541883,0,2
0:23:38,0:25:14,13,20,20,-3942388100884627959,0,2
0:31:58,0:34:01,8,11,11,9198754278366703271,1,0
0:19:21,0:32:19,7,14,14,3151366864686893596,1,3
0:15:57,0:16:51,8,22,22,4502606789291264739,0,0
0:17:47,0:19:01,8,18,18,3888885669761248127,0,3
0:20:43,0:23:08,7,22,22,-8933425077570116368,0,0
0:25:17,0:26:12,8,12,12,-1520195218503632904,0,2
0:20:36,0:21:41,8,18,18,940409161199552653,0,2
0:17:05,0:18:04,8,13,13,8904577485318893683,0,4
0:27:19,0:28:11,8,16,16,-3877444259361148916,0,1
0:16:42,0:17:41,8,13,13,1896301262530809088,0,1
0:22:51,0:24:08,7,18,18,-9181595857563675043,0,1
0:21:30,0:23:01,11,19,19,5457539154403789134,0,0
0:17:42,0:18:37,7,16,16,228577053882197500,0,0
0:24:41,0:25:57,8,14,14,4936382944662934158,0,1
0:20:18,0:23:33,8,12,12,-5004843564503755487,0,2
0:29:06,0:31:44,8,19,19,1622588500998497791,0,0
0:19:43,0:23:29,7,18,,-1663288956396843851,1,2
0:22:12,0:23:07,8,15,,,0,3
1:13:42,1:16:42,18,19,19,-4951195992316328775,1,0
0:21:40,0:22:54,8,11,11,6619349882207650583,0,2
0:19:47,0:21:07,8,12,12,-4444816673080833938,1,0
0:24:35,0:26:29,8,29,29,1087676866037195061,1,1
0:13:58,0:14:56,7,14,14,5275594413191191320,0,2
0:17:12,0:33:01,9,15,15,-6839029348231679448,1,3
0:24:52,0:25:53,20,13,13,-4130205793454382639,2,2
0:21:31,0:23:37,8,26,26,-4550113934087708769,0,1
0:16:27,0:17:26,7,19,19,-1401284576283785727,0,1
0:19:45,0:20:57,10,10,10,8460895668172951436,0,2
0:29:49,0:31:05,9,13,13,-641611921212126738,0,2
0:12:47,0:15:03,8,16,16,2997522680374368725,0,1
0:20:41,0:24:17,8,18,18,3621827094836451640,0,2
0:18:51,0:20:10,7,14,14,-7408723988678574234,0,2
0:18:20,0:20:10,8,30,30,1389216761450418811,0,2
0:22:46,0:34:40,15,23,23,-1426101961584247168,2,1
0:21:16,0:24:02,8,25,25,-5760349489872035090,0,2
0:24:10,0:25:10,8,10,10,7709750477858769761,0,0
0:18:53,0:20:46,8,22,22,-6027914856938208135,0,1
0:35:24,0:37:48,8,3,3,-8079816050287147846,0,1
0:19:15,0:20:09,14,13,13,-291738192168894849,0,1
0:21:59,0:24:59,8,16,16,-2565153278824693498,0,1
0:16:34,0:18:27,8,15,15,-8681699862296818989,0,1
0:17:47,0:18:46,8,11,11,-3194829049934124451,0,0
0:19:41,0:20:59,8,14,14,-9053302083507031585,0,1
0:18:43,0:19:59,8,20,20,8910355723633809707,0,0
0:21:47,0:22:38,8,16,16,-1155185499740186301,0,2
0:21:43,0:24:34,9,12,12,-2641426895383095251,0,0
0:31:40,0:32:31,8,14,14,7662659838781608028,1,2
0:20:58,0:22:03,7,13,13,5772555926544262473,0,3
0:20:13,0:22:49,7,12,12,2454143769355424686,0,1
0:27:49,0:28:43,8,24,24,4993431134261337327,0,1
0:13:59,0:15:31,7,13,13,2339401676121865431,0,0
0:18:17,0:20:54,8,19,19,-7283345738000360753,0,1
0:23:42,0:24:38,8,23,23,-7804844893276849843,0,0
0:25:55,0:26:50,8,14,14,5254144405348920988,1,1
0:17:04,0:18:19,7,14,14,8232909205669019968,0,2
0:18:31,0:20:06,8,11,11,2324027813117788314,0,1
0:16:58,0:18:48,8,14,14,706909019431293817,0,1
0:20:20,0:22:08,18,12,12,3435493662591192585,0,2
0:15:48,0:16:48,7,20,20,1966550780344785338,0,5
0:43:47,0:46:02,8,13,13,2708349586504284831,2,0
0:25:38,0:26:33,8,13,13,-1761509491601813409,1,0
0:21:40,0:24:30,9,12,12,3431115021011932964,0,2
0:25:12,0:26:04,8,18,18,9029267578147422248,0,3
0:18:57,0:20:20,8,12,12,7420148087837054388,0,0
0:21:30,0:24:01,11,16,16,-706974336667646147,0,2
0:24:09,0:26:21,8,13,13,6454011304705613681,0,1
0:16:52,0:19:03,7,17,17,5062607923518008518,0,2
0:19:58,0:22:08,8,15,15,5493099468556921136,0,0
0:51:25,0:52:16,28,40,40,-9107864260451636588,2,1
0:20:08,0:37:45,8,13,13,-4087407011228082399,1,2
0:25:42,0:27:46,11,15,15,7461405952333207196,0,1
0:23:54,0:25:34,8,11,11,584617086128344824,0,1
0:20:40,0:21:41,8,11,11,-3926467471041905432,1,1
0:17:19,0:19:00,8,17,17,7760424914281354726,0,2
0:32:43,0:34:45,9,10,10,5519472890236096484,2,3
0:16:22,0:18:34,7,15,15,-1902457480908599695,0,0
0:22:53,0:25:27,19,14,14,-5571937672229858487,0,2
0:24:17,0:27:11,8,18,18,-580579532541329888,0,0
0:33:53,0:36:43,9,12,12,-8765446391836266258,1,1
0:25:04,0:25:59,14,20,20,-1662407539920300910,0,1
0:28:13,0:32:12,7,15,15,-6803361454128937288,0,1
0:26:38,0:28:38,8,24,24,5868192935053781536,1,2
0:29:51,0:45:26,11,16,16,-6214257580196694439,2,1
0:19:20,0:20:17,8,13,13,450450825751156724,0,1
0:22:30,0:26:16,8,16,16,-7753764098211129274,0,1
0:43:25,0:49:14,10,15,15,-1197923107613643671,2,3
0:20:13,0:21:51,8,17,17,-2988450429883276229,0,1
0:33:36,0:35:16,14,11,11,2467857369571326285,0,0
0:21:58,0:23:48,8,16,16,-554639712086436967,0,2
0:17:48,0:19:19,7,17,17,3434363957179018514,0,2
0:25:47,0:29:15,8,23,23,-670215806515993970,0,1
0:19:52,0:21:44,8,11,11,3068630492044634608,0,1
0:34:06,0:35:34,8,15,15,-3058436727454695982,0,2
0:20:24,0:21:23,8,13,13,-8506309085225450376,0,1
0:20:54,0:23:37,8,17,17,8252198679464376924,0,4
0:21:26,0:23:25,8,17,17,6467121694967843352,0,1
0:26:22,0:27:17,9,13,,,0,2
0:33:18,0:34:16,9,16,16,4588304263044528419,1,2
0:21:33,0:23:50,7,23,23,6816462865336987921,0,1
0:21:21,0:22:16,7,15,15,-898391404072821940,1,1
0:21:40,0:22:54,8,20,20,-7109064473276143828,0,2
0:20:54,0:21:48,8,15,15,1065339605113759234,0,3
0:16:05,0:18:21,12,11,11,-4312503735278463293,0,3
0:20:00,0:20:55,8,17,17,-2613212258980576561,0,1
0:29:32,0:34:28,7,10,10,8105760284587415586,2,2
0:15:56,0:16:56,8,13,13,-7568174291040962876,0,1
0:29:05,0:31:20,8,9,9,-4148062232943767788,1,0
0:29:32,0:30:45,8,18,18,7577474667382592864,1,1
0:20:04,0:22:22,8,21,21,5090431106030808689,0,0
0:23:57,0:28:08,8,13,13,-8423425313482716493,0,0
0:37:08,0:38:02,8,21,21,-2300550434529128231,0,2
0:26:27,0:28:05,8,21,21,-7296432136808891832,0,1
0:21:19,0:24:08,8,15,15,7023685094168664700,0,3
0:31:43,0:32:58,8,13,13,-3979436450200157170,0,1
0:21:51,0:22:47,8,16,16,5710029715608412844,0,1
0:25:36,0:27:23,7,11,11,-4729528331466236436,1,0
0:20:34,0:22:21,8,22,22,8942296266836512899,0,1
0:31:48,0:33:10,8,15,15,9106712283847288514,0,1
0:28:35,0:29:58,8,22,22,-8241637718571514826,0,1
0:21:47,0:28:41,8,12,12,-571414751329606959,0,2
0:19:09,0:22:05,7,18,18,3686638819304875228,0,2
0:21:52,0:22:51,6,19,19,-2896704864984251913,0,1
0:29:28,0:30:54,8,25,25,2743974700492690428,0,2
0:18:13,0:19:04,10,13,13,-187753509136168967,0,1
0:22:55,0:24:18,6,16,16,-6025797936412240715,1,1
0:24:39,0:25:34,8,10,10,4593118688840313535,0,4
0:19:59,0:20:54,8,21,21,-2500017162112193667,0,0
0:26:52,0:28:31,8,11,11,-1928208511767255642,0,3
0:23:36,0:25:03,8,13,13,3564400316553893588,0,0
0:17:52,0:19:29,7,14,14,7390753199724426614,0,2
0:29:03,0:30:33,8,12,12,-5780856156902758577,1,1
0:18:24,0:20:05,13,17,17,-5502297123425843426,0,1
0:17:42,0:19:07,8,10,10,3443036381429765677,0,1
0:22:27,0:23:58,8,16,16,-1202746160489439845,0,1
0:39:52,0:41:10,7,19,19,8729672976540512757,1,1
0:15:28,0:16:19,8,15,15,-2475576608227303241,0,2
0:20:19,0:21:33,8,21,21,7253188768193528390,0,2
0:19:17,0:20:46,8,13,13,-4753273247246010349,0,1
0:18:48,0:20:58,8,8,8,-2591795158749583989,0,2
0:16:44,0:18:31,8,12,12,8825136795617139000,0,2
0:28:04,0:30:15,8,8,8,-6519803643464168155,0,2
0:18:22,0:20:26,8,23,23,6173124834689746764,0,2
0:22:50,0:26:34,9,14,14,68938361610793028,0,2
0:30:13,0:31:41,8,19,19,2326442448434884198,0,2
0:20:14,0:22:03,8,9,9,8550658186078249815,0,0
0:48:43,0:50:40,28,27,27,6862589721625584230,2,0
0:30:16,0:31:31,8,12,12,3393302457678696289,1,2
0:19:00,0:19:54,8,17,17,5605584722985127177,0,0
0:28:42,0:30:31,16,27,27,7367297805658163332,2,0
0:27:40,0:29:01,10,9,9,7598845544009940560,0,2
0:20:41,0:22:04,7,23,23,-8677918231333567706,0,1
0:18:39,0:20:02,8,14,14,-2704234977707778903,0,0
0:27:52,0:28:54,7,20,20,3257732713812966739,1,0
0:16:04,0:16:59,12,13,13,5718661774870238151,0,0
0:18:50,0:19:49,7,18,18,-1014771844140699063,0,2
0:20:23,0:21:52,8,13,13,9170395214015041225,0,1
0:21:44,0:22:58,9,20,20,-8033510539341695120,0,2
0:24:20,0:25:51,8,17,17,-1882592504725834802,0,1
0:18:57,0:22:28,9,15,15,-7897019147621367443,0,1
0:21:13,0:29:38,10,14,14,7301690244643107568,0,1
0:20:25,0:22:26,8,16,16,7810563692299984241,0,0
0:20:59,0:22:15,9,20,20,2197780860128969820,0,0
0:36:23,0:37:24,14,29,29,155216387007802577,1,3
0:31:15,0:33:21,16,34,34,64331839918413614,1,2
0:18:39,0:19:59,7,16,16,-6359895514203639904,0,1
0:20:17,0:23:57,8,12,12,5304474049210964024,0,0
0:27:32,0:30:01,8,11,11,4686977374029172114,0,0
0:19:32,0:22:32,8,18,18,6410012644048526318,0,1
0:24:20,0:25:30,8,16,16,-2180567183642327461,0,1
0:18:32,0:19:32,8,19,19,2900309935070078173,0,1
0:23:18,0:26:05,8,12,12,-5659644859537537555,0,1
0:27:54,0:29:12,12,22,22,6453515463036653976,2,0
0:31:41,0:32:33,8,18,18,3758896651982374615,1,2
0:24:54,0:45:00,10,25,25,1130937978210939882,1,0
0:14:58,0:16:57,7,11,11,3191972593203242102,0,0
0:25:01,0:27:07,14,11,11,1888225192063349052,1,2
0:22:07,0:25:39,7,26,26,-7842518468519671647,0,1
0:28:22,0:31:11,8,9,9,2026496297960202863,0,0
0:16:22,0:19:57,9,17,17,5762515107946986855,0,1
0:26:08,0:29:07,14,17,17,6238372090987216860,0,1
0:25:17,0:26:50,10,17,17,6852114533068017219,1,0
0:19:06,0:21:06,8,20,20,-3744153637742413497,0,1
0:20:55,0:22:53,9,11,11,8984885272017750770,0,0
0:25:27,0:29:02,11,16,16,-260046553236462408,1,3
0:25:27,0:26:40,14,13,13,2930162550126736686,0,2
0:24:50,0:26:11,8,21,21,2920504516034145901,0,2
0:18:25,0:21:54,7,11,11,838097776273027051,0,1
0:24:04,0:27:26,8,17,17,8207965057153329420,0,3
0:19:09,0:21:05,8,16,16,1785878327578498807,0,0
0:21:03,0:24:01,9,17,17,-3400961978910845755,0,0
0:18:27,0:19:25,8,15,15,3258434667550018905,0,0
0:20:56,0:22:28,9,17,17,-1930988552304908163,0,2
0:23:59,0:25:11,8,17,17,-6729373917303942498,0,1
0:20:35,0:23:24,9,20,20,5563904279913652921,0,0
0:18:41,0:19:59,10,5,5,-1555925554379008846,0,2
0:23:58,0:25:17,8,15,15,-6594635809392832313,0,0
0:23:04,0:24:14,8,11,11,-4918713704412489451,0,3
0:24:37,0:26:33,11,15,15,426259010967069283,0,3
0:19:13,0:20:18,9,20,20,-3666331286469371264,0,2
0:26:03,0:27:25,8,30,30,4825932239046413747,1,0
0:15:34,0:16:39,8,15,15,-4685509989715967721,0,1
0:23:45,0:27:02,8,17,17,6766690116695063767,0,2
0:20:29,0:31:22,11,18,18,-6149866217389683333,1,0
0:23:03,0:24:25,11,17,17,4816647442438514632,0,2
0:20:34,0:21:52,9,9,9,3113785250113133662,0,1
0:21:21,0:22:55,10,15,15,4445032583897771370,0,1
0:17:20,0:18:15,8,21,21,-6634860702933842919,0,1
0:25:20,0:37:54,8,12,12,-4708944468817348781,1,2
0:20:34,0:22:59,8,32,32,-1254140028645313944,0,1
0:26:13,0:28:17,14,23,23,-5646912344948965756,0,0
0:17:57,0:18:51,8,17,17,-2737491234808708263,0,3
0:21:26,0:22:25,8,19,19,-3262753683514301455,0,1
0:18:24,0:21:34,8,20,20,2749838963480501086,0,2
0:26:26,0:27:23,8,19,19,1761207089259909270,0,1
0:21:57,0:27:34,14,21,21,-6233674427982461767,0,1
0:21:29,0:22:41,8,19,19,4180328128084682073,0,2
0:17:26,0:18:22,8,12,12,-8080125309276155996,0,4
0:27:53,0:29:06,8,22,22,5219558544000179816,0,0
0:28:35,0:32:48,8,19,19,4147643327538890905,0,0
0:22:37,0:24:30,7,21,21,8028627193765165140,0,1
0:38:23,0:40:49,11,16,16,-5985275241699658136,2,1
0:18:15,0:21:31,8,14,14,3701505123137405528,0,0
0:38:09,0:55:21,8,12,12,-6098292350114604848,5,1
0:19:43,0:21:26,11,20,20,5267587380140937910,0,2
0:21:52,0:25:04,8,20,20,3524333904684055556,0,0
0:34:17,0:36:26,8,11,11,5151499484170885894,0,2
0:34:43,0:36:44,8,19,19,-3560521010321521523,0,0
0:17:22,0:18:23,8,12,12,7905138956854860876,0,1
0:18:55,0:19:50,8,12,12,6227384259471949106,0,0
0:23:06,0:24:57,9,21,21,2133408069883590269,0,0
0:22:55,0:24:33,8,12,12,-5489212635282955054,0,3
0:18:58,0:20:14,9,21,21,8231451059107849219,0,1
0:16:45,0:21:21,8,13,13,-1569583204684303546,0,0
0:16:34,0:18:04,8,11,11,3749243603052351880,0,2
0:17:32,0:18:32,8,17,17,5585521821163302423,0,2
0:14:37,0:15:32,7,8,8,-1320785030685201824,0,2
0:21:17,0:22:08,8,15,15,-8929979358661895087,0,0
0:25:42,0:31:18,8,17,17,-7889020641585069616,0,0
0:21:09,0:22:54,8,13,13,-3529271531363896722,0,0
0:18:28,0:20:49,8,12,12,7119775011747449718,0,0
0:13:53,0:15:47,8,14,14,-6808801184406419047,0,1
0:19:55,0:21:10,8,12,12,-2289080676124427601,0,0
0:20:52,0:25:25,8,18,18,9204795375394830177,0,1
0:24:48,0:27:14,8,16,16,-2365972327903621832,0,2
0:18:41,0:32:56,8,18,18,4734457241405962112,0,1
0:18:45,0:20:41,9,3,3,613159862112665233,0,1
0:22:14,0:24:12,8,15,15,-6224239585263078844,1,1
0:16:36,0:21:34,8,12,12,3677313553541006227,0,0
0:16:23,0:17:17,8,12,12,-141599466960366093,0,2
0:19:49,0:37:20,7,14,14,8189611819458422643,3,3
0:20:22,0:23:05,8,26,26,7307370756161849120,0,1
0:33:55,0:35:21,15,16,16,-2694125857389760036,1,4
0:16:46,0:17:52,9,12,12,-1606726193403899048,0,0
0:20:35,0:21:30,8,18,18,-2098284212172078385,0,2
0:21:22,0:22:17,8,21,21,2975499409993067607,0,1
0:23:03,0:25:24,8,15,15,7728895652524880106,0,1
0:21:26,0:23:08,9,17,17,-1410694139042112953,0,1
0:19:02,0:19:53,8,11,11,-1768579061585205139,0,1
0:19:51,0:22:13,9,25,25,-301040922717132909,0,3
0:21:39,0:22:29,9,20,20,855429778805604244,0,1
0:18:16,0:21:35,8,15,15,6928048283759782395,0,1
0:28:08,0:31:20,8,18,18,-7180804034674383934,0,2
0:20:05,0:24:28,8,12,12,2920047180579030124,0,2
0:22:10,0:24:16,8,8,8,-1862441852874899131,0,0
0:23:34,0:25:11,9,17,17,-6134190428045227232,0,2
0:18:59,0:21:24,8,19,19,-7245799376101066956,0,0
0:22:18,0:24:28,8,14,14,-8636258400393740648,0,1
0:30:13,0:31:29,8,16,16,5983448747086213856,0,0
0:22:09,0:23:03,8,15,15,-3990766479783186095,0,2
0:24:30,0:26:25,9,16,16,691856339739767217,1,2
0:18:50,0:19:58,7,16,16,4085525039312071076,0,0
0:19:37,0:20:33,10,20,20,-6717528508376936266,0,1
0:24:37,0:25:56,8,13,13,-763346328965833832,0,0
0:23:41,0:25:49,7,14,14,196795404587983396,0,1
0:26:54,0:28:07,9,19,19,-2116303803857256625,0,0
0:35:54,0:37:50,13,21,21,8368744184574678117,2,4
0:24:09,0:26:33,9,19,19,-3883992619818479197,0,3
0:20:04,0:21:56,8,9,9,6850778565079633420,0,0
0:29:27,0:30:28,8,14,14,966457590088375746,0,1
0:20:44,0:21:50,7,11,11,1180845318106207553,0,0
0:25:26,0:27:12,8,19,19,-6399528544166180427,0,2
0:22:30,0:27:55,8,18,18,-3079784256693250668,0,0
0:22:35,0:32:38,8,20,20,-4888487714401932364,2,0
0:23:32,0:24:28,8,17,17,4960301703650399141,0,0
0:21:59,0:22:59,7,11,11,-1698029164728338413,0,1
0:20:03,0:21:36,7,17,17,-1064273729068583493,0,2
0:23:46,0:24:50,8,11,11,-2550975448682059339,0,0
0:33:36,0:35:32,8,19,19,97445827629869553,0,0
0:21:18,0:22:13,8,12,12,8632923315136729273,0,0
0:28:03,0:29:45,9,19,19,3885228364644336763,1,1
0:20:32,0:22:35,8,12,12,6402613778266923842,0,1
0:33:46,0:34:45,8,12,12,4706198145511311811,1,2
0:18:50,0:20:57,11,6,6,-1315904137195469621,0,2
0:21:26,0:23:22,9,12,12,-3397701181300688902,0,1
0:27:08,0:29:15,16,22,22,514407237628225396,1,2
0:24:29,0:31:51,9,26,26,2405031436328781391,0,1
0:22:30,0:24:51,7,16,16,-4533892470697324100,0,3
0:17:12,0:20:18,8,8,8,4902377220140666426,0,1
0:22:13,0:23:03,9,15,15,3457987969858437627,0,1
0:22:01,0:23:48,8,10,10,-5896608308108954651,0,1
0:25:45,0:27:23,8,19,19,4153880657460934618,0,3
0:18:42,0:21:48,7,13,13,6128873807643845074,1,1
0:19:38,0:22:20,8,19,19,5107895530993788964,0,1
0:33:12,0:34:12,10,21,21,3945863535314570619,0,2
0:41:00,0:58:56,14,29,29,3891054433088636788,2,3
0:23:42,0:33:44,8,21,21,855827755587566266,1,0
0:21:24,0:22:15,8,13,13,2786359224793257577,0,2
0:24:22,0:25:13,7,12,12,-6214804795384498538,0,1
0:24:22,0:36:37,12,13,13,4595030704679294367,1,1
0:16:51,0:20:29,8,11,11,1623349935174968221,0,0
0:29:58,0:30:57,8,14,14,-6963901439821784193,2,2
0:21:52,0:25:32,11,18,18,-3275543257452344478,0,1
0:29:38,0:31:06,8,14,14,-900063535951646027,1,2
0:22:34,0:24:20,9,16,16,5105625034503945584,0,0
0:24:18,0:26:47,7,24,24,-1662594216351500864,0,2
0:29:38,0:32:03,8,16,16,8933755412684067514,0,1
0:20:31,0:21:22,8,23,23,-4816339198325579710,0,1
0:25:24,0:27:08,8,17,17,4606697250488903652,0,1
0:39:34,0:41:44,8,16,16,7046279728901162446,1,2
0:22:41,0:26:33,8,13,13,711758562618035369,0,1
0:17:07,0:18:58,7,14,14,2842984019174179191,0,2
0:18:06,0:19:05,8,12,12,6090338023804965121,0,2
0:12:36,0:14:30,8,12,12,-7242624052198168378,0,1
0:22:40,0:24:28,8,16,16,-1928342877712549554,0,2
0:24:20,0:25:16,8,15,15,493866488842070700,0,3
0:19:25,0:20:36,7,17,17,-4567559657553104495,0,0
0:20:39,0:24:20,8,22,22,669311074520565305,0,1
0:16:56,0:19:21,9,17,17,5785031363985696315,0,0
0:25:41,0:30:38,9,14,14,-7683870324229526432,0,1
0:19:25,0:22:01,8,13,13,-4440758373344516632,0,2
0:18:40,0:20:26,7,13,13,-5964043562234800408,0,1
0:27:59,0:32:16,9,20,20,3700255329428798463,0,2
0:20:23,0:22:09,8,15,15,-760706767255776538,0,2
0:18:19,0:20:57,12,15,15,486206110840972235,0,1
0:23:15,0:25:52,8,14,14,7883861139434978724,0,1
0:17:12,0:19:42,8,14,14,4262889782805488052,1,1
0:19:03,0:20:47,9,11,11,-311328884391271882,0,0
0:17:22,0:19:15,8,15,15,1463798526163892248,0,3
0:24:30,0:26:07,11,17,17,5667657995726956318,0,1
0:16:45,0:18:25,7,18,18,-6813272243484626429,0,0
0:27:03,0:28:59,15,24,24,-2918992137683456448,1,1
0:23:43,0:25:18,8,16,16,-358216332494543693,0,0
0:17:01,0:18:24,7,16,16,7060405206723677998,0,2
0:17:00,0:18:33,9,21,21,7642626997512955351,0,1
0:16:52,0:18:13,9,8,8,-6757684975520206415,0,3
0:19:26,0:21:02,8,19,19,7887503235180987120,0,1
0:20:29,0:21:28,8,12,12,2672546524312537126,0,0
0:19:40,0:21:12,9,16,16,-4624104287685774619,0,1
0:27:02,0:28:43,8,18,18,-3625215474151407039,0,2
0:16:40,0:18:51,8,21,21,6932423764573280994,0,1
0:18:10,0:19:09,8,13,13,-8253828198060970133,0,1
0:26:04,0:28:10,9,22,22,-873199881359062626,0,0
0:29:20,0:30:38,11,6,6,-9183983404455515042,0,1
0:22:18,0:24:55,9,15,15,8640227252985919564,0,1
0:23:59,0:24:54,8,17,17,1307106099138785274,0,3
0:16:29,0:18:38,8,20,20,-9089091436294845660,0,1
0:21:06,0:22:46,8,24,24,-8977558495203622711,0,0
0:24:28,0:25:23,8,20,20,-6710511733947506941,0,2
0:15:53,0:18:29,8,13,13,-4698196357165403965,0,0
0:20:44,0:21:58,9,20,20,3664658876993887891,0,0
0:26:36,0:28:03,9,19,19,5528764767265015789,0,0
0:17:38,0:20:03,8,16,16,-6010941552462045874,0,0
0:27:19,0:29:04,10,17,17,-877069072080028112,1,3
0:27:08,0:28:43,7,20,20,-2549177923016803830,1,1
0:25:37,0:27:59,6,13,13,1173937375825281304,0,2
0:26:39,0:27:33,10,16,16,4229571197926814954,1,0
0:22:19,0:24:47,11,21,21,8446704298737859090,1,2
0:28:09,0:31:31,8,19,19,9148167535671225500,0,0
0:19:51,0:21:38,8,9,9,350402672165027732,0,0
0:24:34,0:26:50,8,16,16,7216779230194241487,1,2
0:19:28,0:22:12,9,20,20,-8678664462414113895,0,0
0:23:23,0:25:29,8,19,19,-785970322289764188,0,0
0:28:19,0:30:02,8,22,22,-1646826389897050524,1,0
0:17:55,0:21:27,8,11,11,8968434690030267571,0,0
0:14:48,0:17:01,7,18,18,8827390716205949293,0,2
0:26:24,0:29:06,10,14,14,-3026939531223553830,0,2
0:20:46,0:21:41,7,15,15,6086083885094288661,0,1
0:16:56,0:17:51,8,10,10,-405509248741156336,0,1
0:20:52,0:24:28,8,17,17,-6839780307582550342,0,2
0:18:10,0:21:51,8,18,18,3324681162849906477,0,1
0:20:24,0:22:07,11,13,13,-7332531751153561055,0,1
0:17:46,0:20:03,7,14,14,3247949747438391642,0,0
0:19:47,0:20:46,7,10,10,-7082116409326640444,0,2
0:33:01,0:36:12,8,17,17,9018404979333197074,0,2
0:15:14,0:18:43,8,17,17,1783899385867955573,0,1
0:25:53,0:27:47,8,14,14,-4352631436444162798,0,0
0:21:52,0:22:50,8,13,13,-2906549345123277283,0,0
0:22:33,0:24:49,7,8,8,1971924566699487067,0,2
0:19:08,0:20:28,8,12,12,-4100831879126914304,0,1
0:19:38,0:20:47,8,10,10,-5379550662374502396,0,0
0:28:44,0:30:38,8,23,23,8454297694082085515,0,2
0:21:55,0:23:27,8,15,15,2285107707931870982,0,1
0:18:36,0:19:32,9,19,19,-8229326693466893349,0,1
0:27:24,0:28:19,7,16,16,438263329528314451,1,2
0:28:03,0:31:15,7,10,10,1395266108961502878,1,0
0:20:23,0:21:18,8,18,18,-2139663045177504236,0,1
0:24:31,0:26:07,16,11,11,-2828046616929759097,0,1
0:21:12,0:23:15,9,17,17,-1903584985553884046,0,2
0:22:43,0:25:13,11,20,20,-5832728001467892435,0,0
0:19:19,0:23:29,8,16,16,7560439737327984970,0,1
0:23:54,0:25:21,8,16,16,4363455801987173363,0,1
0:22:08,0:23:26,8,11,11,2954106097106281787,0,1
0:18:49,0:37:18,9,16,16,199334539321879200,1,2
0:22:42,0:24:13,7,14,14,5092883123597842055,0,1
0:20:29,0:23:16,8,17,17,-3889216468517787968,0,1
0:19:01,0:32:46,8,17,17,-4432825659829109873,1,1
0:21:59,0:23:55,7,20,20,417017542248560022,0,0
0:22:13,0:23:25,8,12,12,2585161302361344003,0,1
0:19:13,0:21:21,8,12,12,-7348903811365424055,0,1
0:16:53,0:17:47,7,17,17,-3665479367801012665,0,2
0:37:00,0:37:55,22,15,15,1624001951932345147,2,3
0:15:25,0:21:54,8,15,15,-4310974480866865325,1,0
0:19:27,0:21:05,7,12,12,7137539623788597872,0,1
0:21:58,0:23:21,8,14,14,9217813936283478059,0,0
0:20:35,0:22:59,8,15,15,-1278899308501456705,0,1
0:18:53,0:21:19,8,15,15,1633550469278504840,0,0
0:18:52,0:21:18,9,16,16,-8202965797119851314,0,3
0:21:10,0:23:30,9,22,22,-2629908733319664458,0,1
0:35:00,0:38:50,7,18,18,-3048647076827731853,0,2
0:19:57,0:22:57,7,10,10,-1310726569752678162,1,2
0:22:03,0:23:02,9,29,29,-6486780751258942222,0,1
0:21:22,0:23:29,10,20,20,-7417351985398498744,0,3
0:24:32,0:25:31,15,20,20,-8449781573745399458,0,2
0:20:35,0:21:34,10,12,12,-7051301635856858969,0,2
0:22:19,0:23:13,9,17,17,-8923935555505071150,0,1
0:31:49,0:33:25,9,24,24,-1723458070613998929,0,0
0:18:17,0:19:08,8,16,16,-6543972308494275696,0,0
0:19:51,0:22:34,7,15,15,4520740445866062558,0,1
0:23:09,0:24:12,8,12,12,8665546974931371949,0,1
0:35:50,0:36:56,8,13,13,-5119048616958036954,2,0
0:25:23,0:26:19,8,11,11,-7345200334728545892,0,1
0:38:23,0:39:23,29,23,23,8520249522162793462,1,4
0:20:55,0:22:09,8,9,,1783967915540496036,0,1
0:26:23,0:27:46,11,16,,-8723654207368043652,0,0
0:25:33,0:29:05,13,21,,-8473322255094890707,1,3
0:46:23,0:47:58,16,30,,-7980914292511381937,5,0
0:24:51,0:26:07,8,16,,-8923581914539513409,1,2
0:17:44,0:20:43,8,10,,-3818323221294679744,0,1
0:25:31,0:27:46,8,23,,5704179169797449279,0,0
0:29:19,0:31:05,7,19,,-6163457089390927703,0,1
0:21:33,0:23:41,7,13,,8733402995223462521,0,0
0:18:52,0:20:12,8,20,,-8701842270156818932,0,0
0:23:47,0:24:44,7,16,,-1432101245843704385,0,2
0:37:05,0:51:11,17,19,,-4465536029080546836,4,2
0:19:01,0:26:02,8,15,,-5231777562628270939,0,2
0:27:28,0:30:24,13,17,,-9150991267645252048,1,1
0:30:07,0:31:07,8,20,,6710857487378299810,0,2
0:33:45,0:36:35,8,11,,-3860268549907542287,1,1
0:17:22,0:18:53,8,14,,-4532298134168520361,0,2
0:30:39,0:33:28,8,17,,5508420172812525996,0,0
0:19:52,0:21:55,7,18,,3455950646411799162,0,2
0:20:55,0:22:53,7,18,,-175752382299368795,0,1
0:21:19,0:23:41,12,11,,2274578432758251765,0,3
0:21:54,0:24:36,7,9,,-7762050012621194064,0,0
0:15:53,0:18:36,8,11,,-7092355177757420132,0,1
0:17:34,0:18:58,7,12,,-1697657246251128430,0,3
0:18:41,0:19:35,7,14,,1893360252853674074,0,2
0:17:35,0:20:18,6,17,,-4114138350788031938,0,1
0:18:27,0:20:07,8,15,,8535686639722047392,0,1
0:20:49,0:21:48,8,26,,-2464409856883939541,0,2
0:21:27,0:22:18,13,18,,7353215829676676527,0,2
0:17:02,0:19:01,8,15,,5802076023688548274,0,2
0:23:10,0:25:20,11,18,,2448479636886621297,0,0
0:29:21,0:31:09,9,19,,5350293772743016955,0,1
0:18:22,0:21:41,8,12,,1248210314201209809,0,3
0:17:11,0:18:05,8,13,,-6433606784185184672,0,0
0:21:43,0:25:33,14,11,,4581540457762219772,0,1
0:14:58,0:16:16,8,12,,1820857053108001083,0,0
0:28:19,0:31:48,8,14,,8549861795126017984,1,0
0:22:02,0:23:02,8,19,,-9115313613678608598,0,1
0:24:14,0:26:56,7,12,,-4266665949906601311,0,0
0:14:58,0:15:53,7,8,,5599130948014071778,0,0
0:26:53,0:28:38,13,16,,-7023508090231040229,0,2
0:22:12,0:23:06,8,14,,9119553019244047286,0,2
0:18:58,0:19:55,7,13,,9157377136299454104,0,3
0:34:11,0:35:47,7,15,,-5907188597433113629,0,3
0:22:05,0:24:23,7,16,,-538589313565059705,0,2
0:21:01,0:21:55,8,15,,-165687423375182664,0,4
0:15:07,0:17:15,8,11,,2489317316984857751,0,5
0:25:20,0:27:18,7,12,,-1352124662033351814,1,1
0:20:37,0:23:35,8,11,,-4707191405822128205,0,0
0:20:15,0:21:53,11,18,,7711441971188921389,0,1
0:22:02,0:23:18,8,14,,3066062713562008117,0,2
0:18:21,0:19:50,8,15,,5879485909284275575,0,0
0:19:39,0:21:36,9,15,,-1248060623725903363,0,1
0:19:28,0:21:15,7,11,,-1485430262289056721,0,0
0:19:18,0:21:05,8,12,,-5157679500609772708,0,1
0:20:12,0:21:37,8,18,,5192031547715029153,0,3
0:42:17,0:44:08,8,21,,2031221741857518383,1,0
0:29:50,0:30:51,7,13,,-809554289263205828,1,1
0:18:12,0:20:47,8,12,,-6796373274472654132,0,1
0:31:50,0:33:32,8,18,,-8107150704517730789,1,2
0:14:25,0:16:23,11,13,,-7715880313456415384,0,3
0:27:49,0:28:44,8,18,,4424019409820318820,0,1
0:17:30,0:22:03,7,12,,-8953136663483982415,0,0
0:23:26,0:25:56,9,21,,-489549999251169644,0,2
0:32:55,0:34:27,9,18,,-6198815257514217954,0,1
0:17:05,0:19:22,8,15,,648562999739986581,0,2
0:23:18,0:25:18,8,13,,7220203555944464361,0,0
0:20:57,0:23:11,7,17,,-4748397185870400508,0,0
0:25:01,0:26:21,14,12,,-9008582825522468316,0,1
0:21:55,0:25:27,9,21,,1888444106904196269,0,2
0:20:25,0:21:56,8,16,,5224151528267164864,0,2
0:14:31,0:16:07,7,9,,-7759897972345051248,0,1
0:24:39,0:27:05,8,20,,-8431097622710799570,1,0
0:24:31,0:26:51,9,20,,8743597483099957318,0,1
0:17:44,0:19:43,8,17,,-1548427147103806725,0,0
0:32:59,0:34:58,8,11,,683839855887470862,1,2
0:21:55,0:23:11,7,12,,8671514077935111636,0,3
0:36:46,0:39:15,8,19,,2657863365625579003,1,2
0:27:41,0:29:57,7,17,,2756741676280150345,0,1
0:18:56,0:22:44,17,21,,-7886384652212612179,0,1
0:29:52,0:31:12,8,10,,2613708882780949256,0,1
0:18:06,0:19:35,8,14,,-5039656221021853794,0,0
0:30:19,0:33:35,7,19,,2378838906072600846,1,0
0:23:01,0:24:35,9,16,,9181539013217692197,0,0
0:25:29,0:28:11,8,18,,592231952771292017,0,0
0:13:04,0:19:04,7,15,,-4452834991317834877,1,0
0:33:30,0:35:56,9,26,,5211559402250799046,0,1
0:23:46,0:25:08,8,13,,-7624212072792920818,0,0
0:27:02,0:28:28,8,22,,-7297264791515761027,0,0
0:12:36,0:14:29,8,10,,-3257849257061702229,0,4
0:19:03,0:21:37,7,13,,1701869346130671268,0,3
0:18:57,0:21:52,8,22,,1119472645909468843,0,1
0:28:54,0:31:07,10,25,,6598113000407491479,0,1
0:44:08,0:45:45,11,14,,-8220123969425489419,1,1
0:41:07,0:43:12,9,12,,-1508963399735856074,1,1
0:36:45,0:38:41,8,14,,7067122794024600825,1,2
0:25:35,0:27:21,8,22,,-6598728175910460120,0,1
0:22:45,0:23:40,7,18,,7024124994364223754,0,2
0:13:07,0:15:55,7,12,,-6055071277005085804,0,1
0:22:19,0:23:53,9,22,,2948707400957853854,0,4
0:19:04,0:21:05,8,18,,-2942226551634673300,0,1
0:17:55,0:20:03,8,24,,7449948935980862528,0,1
0:17:15,0:18:28,8,24,,5071857552713835350,0,2
0:29:47,0:31:54,9,21,,781751434052236841,1,0
0:48:42,0:49:44,8,8,,-5168688866426859926,0,0
0:25:59,0:26:57,8,21,,3955757666416581480,0,1
0:23:45,0:27:45,8,13,,5264639409182058348,0,1
0:26:07,0:27:58,11,19,,7702725567050664599,0,1
0:27:28,0:29:12,10,11,,930444515056937966,1,0
0:19:19,0:22:12,8,12,,-7438339769741717318,0,0
0:23:52,0:28:15,8,16,,7859342202270154420,0,2
0:23:14,0:24:44,9,14,,-4093768778173393833,0,1
0:22:05,0:24:24,10,22,,5006530429015270512,0,1
0:15:25,0:16:45,9,14,,6928099497657684206,0,1
0:19:23,0:21:48,10,17,,1274732492793395567,0,1
0:21:30,0:22:44,9,26,,5751465651147037737,0,1
0:16:16,0:18:17,7,18,,8940905639780689879,0,1
0:26:38,0:27:43,7,15,,-1893209362106129266,0,0
0:24:11,0:25:06,11,18,,-4643837823934293894,0,3
0:16:12,0:17:10,8,14,,-3160460405258960754,0,2
0:22:44,0:26:35,9,13,,-8709976979367133153,0,0
0:25:07,0:28:59,8,12,,-3656196458312060630,0,0
0:28:57,0:31:04,9,16,,8672514187258258757,1,2
0:20:43,0:22:21,8,16,,-3232219586828420966,0,0
0:38:49,0:40:43,9,15,,-1583635042809848369,3,2
0:21:39,0:23:18,8,22,,7999033325116806082,0,2
0:23:46,0:25:00,16,16,,-8952338391217341594,1,0
0:17:57,0:19:57,8,17,,-8162069470592168884,0,0
0:26:59,0:28:01,10,12,,260347593134763407,0,2
0:24:47,0:27:05,17,19,,6089160701573753437,0,0
0:23:55,0:25:22,8,18,,1950808319089468747,0,2
0:21:19,0:22:13,7,11,,7083031303404932895,0,3
0:28:52,0:31:58,11,16,,-1554272583810167376,0,0
0:21:35,0:32:39,9,23,,6602590784662369311,1,1
0:18:36,0:20:42,8,13,,-6568921139151849937,0,1
0:13:48,0:14:47,7,11,,3579849153467577059,0,0
0:30:12,0:31:57,12,19,,-1166065568955827749,1,1
0:21:16,0:22:58,7,21,,-1492422232392551957,1,0
0:20:31,0:21:25,7,15,,-9046537626656044232,0,0
0:26:05,0:28:15,9,13,,380642475743811940,0,1
0:18:46,0:19:45,8,13,,-2904519356370654435,0,1
0:20:24,0:22:47,8,14,,131082500120562351,0,0
0:19:31,0:21:06,8,12,,2849289238759666151,0,2
0:23:54,0:27:20,9,12,,-6132125865967967029,0,2
0:16:46,0:18:32,8,17,,-5914520962340190794,0,2
0:15:39,0:17:55,8,11,,6867312137961095945,0,2
0:16:22,0:23:52,8,15,,4358043998072805974,1,0
0:19:40,0:22:31,8,21,,2540536941545637934,0,2
0:17:09,0:18:08,8,12,,-4893683382258783335,0,0
0:19:14,0:21:17,8,19,,-2560576288538113808,0,1
0:18:54,0:20:22,8,17,,-8455353401013371832,0,1
0:17:27,0:21:07,8,9,,-184373516987551816,0,3
0:16:21,0:17:44,14,18,,1171571258312627195,0,2
0:20:33,0:21:26,11,21,,1478948096864573132,0,2
0:42:31,0:43:54,8,17,,-7301555779120789357,1,1
0:14:04,0:15:01,7,16,,1861853793392301873,0,0
0:18:37,0:22:05,8,11,,-1432175590532758216,0,1
0:22:27,0:24:49,7,15,,4539115169552421448,0,0
0:20:46,0:22:28,7,12,,3713220901748796920,0,0
0:23:29,0:25:27,7,21,,3483941989362048270,0,2
0:37:11,0:38:03,8,16,,757046291272306600,2,0
0:21:56,0:24:27,11,17,,3866217059577579969,0,3
0:16:56,0:18:49,8,17,,-4447191293639247098,0,0
0:16:07,0:19:30,8,16,,-3516488733056714015,0,1
0:35:25,0:36:45,25,22,,5036353704655659716,1,1
0:20:05,0:21:02,8,12,,-4563404396645679992,0,0
0:17:06,0:20:14,9,15,,2386546023919051891,0,1
0:18:06,0:19:48,9,18,,8352297886088435769,0,4
0:15:48,0:16:47,8,16,,4735392957083852829,0,0
0:21:53,0:24:08,9,22,,5741459447310504199,0,2
0:17:53,0:21:33,8,14,,7390344896970992772,0,1
0:21:28,0:23:44,7,14,,7217976339658290164,0,1
0:20:49,0:22:56,8,10,,5662636502933658948,0,2
0:51:26,0:52:37,15,23,,-25250044165302150,1,1
0:17:09,0:19:14,8,14,,-8019989796409840561,0,2
0:22:50,0:23:45,8,21,,1380100526248681094,1,4
0:29:50,0:31:11,8,16,,6995934201176935475,0,0
0:22:30,0:23:48,10,17,,-6134312403995438925,0,0
0:27:42,0:29:40,11,21,,-4657112736900319681,0,2
0:25:40,0:27:20,8,22,,8628717309853079082,1,0
0:30:37,0:32:31,7,9,,-7695924992619160005,0,0
0:36:19,0:37:45,15,17,,5031299200112538625,1,0
0:50:29,0:51:28,8,15,,7503073349098966955,4,0
0:27:49,0:30:19,10,20,,1321464069512926114,1,0
0:17:56,0:18:50,8,16,,-7726079201781696080,0,2
0:21:02,0:22:02,8,15,,-3485673015084008725,0,3
0:35:28,0:38:25,8,20,,7793106375766022842,1,0
0:31:49,0:33:21,16,20,,7556078230704849332,3,0
0:21:56,0:28:38,8,11,,-3679767808098701127,0,0
0:21:12,0:22:42,7,20,,643125566076138694,0,0
0:23:08,0:33:14,8,14,,-6959894084266366888,1,0
0:45:29,0:48:37,20,32,,303474264539289628,4,2
0:20:50,0:22:30,8,24,,4501479533302256485,1,1
0:20:19,0:21:47,8,20,,-3467567960002597546,0,0
0:14:17,0:17:31,8,20,,8063414866063827667,0,0
0:25:13,0:27:24,14,17,,-2508615265635188698,0,0
0:22:55,0:24:34,8,11,,4254343343243255771,0,1
0:21:21,0:23:15,8,19,,2928319499717452657,0,0
0:18:08,0:20:17,8,18,,-8769060417475114216,0,0
0:18:56,0:21:36,8,16,,8265335087759965452,0,1
0:17:56,0:27:18,8,14,,-6248580031973579214,1,0
0:36:35,0:37:57,17,24,,8114516094937316014,2,2
0:22:58,0:26:08,8,18,,6080055264151433572,0,0
0:23:22,0:24:16,8,10,,7768370394897258168,0,2
0:17:32,0:21:23,9,16,,55006812810595864,0,1
0:17:05,0:32:22,7,12,,-1791251339987752761,1,0
0:27:04,0:28:24,9,13,,-5857891397871844749,0,1
0:22:19,0:23:42,8,15,,2518330005299871902,0,0
0:24:04,0:25:26,8,14,,-3627170696347440546,0,0
0:32:07,0:34:12,7,15,,-6261864435428469632,2,2
0:27:43,0:29:52,16,11,,474384812979396562,0,1
0:27:45,0:30:35,8,12,,-99643006579529365,0,0
0:17:10,0:18:42,8,17,,-5030499176702577724,0,1
0:28:17,0:29:39,16,13,,3655107048947525843,1,0
0:15:56,0:22:21,8,15,,6671724506310762305,0,0
0:19:29,0:20:56,8,15,,-8127814356508188167,0,0
0:17:47,0:20:49,8,19,,446606284124091714,0,0
0:17:30,0:18:42,8,14,,-8854130066946841989,0,2
0:27:10,0:28:10,8,16,,5113981972662138293,0,1
0:21:18,0:22:12,8,16,,4070385872360257173,0,1
0:21:41,0:23:10,9,13,,6782814166677987790,0,1
0:19:58,0:20:56,6,10,,-2640294523593436818,0,1
0:25:35,0:26:30,7,13,,1981362478925740016,0,0
0:19:41,0:22:12,7,14,,-3089125512622908249,0,2
0:19:13,0:20:45,8,13,,-5287662113630082651,0,1
0:22:49,0:25:58,8,18,,-4585485788572642831,0,0
0:16:19,0:18:28,9,12,,-1491086532824596824,0,1
0:14:53,0:17:36,8,13,,1466661603572220800,0,2
0:15:48,0:17:15,11,23,,8274949951221488563,0,2
0:17:05,0:18:47,13,16,,4316168632197215594,0,0
0:23:31,0:24:56,8,15,,6677374154226213036,0,1
0:15:20,0:16:56,8,16,,540855724535057480,0,0
0:17:19,0:20:53,8,13,,-7324542672449945075,0,3
0:20:01,0:21:36,10,20,,-8255983944635733268,0,0
0:17:30,0:19:11,8,12,,3330050645709458395,0,2
0:18:49,0:20:48,7,15,,2990521438095507349,0,0
0:27:28,0:28:26,8,14,,7496544452027607181,0,0
0:20:12,0:21:25,8,17,,2624608860102027781,0,1
0:25:53,0:28:43,9,16,,-3565710300914336394,1,1
0:18:55,0:19:55,8,21,,-2355263550659998283,0,1
0:16:08,0:16:59,8,11,,938842986165938061,0,2
0:19:18,0:21:11,14,12,,2789955786228593970,0,0
0:28:52,0:30:44,14,22,,1877764372934560589,1,2
0:17:41,0:19:18,8,22,,633847650452713533,0,1
0:26:27,0:28:54,8,16,,-7436939960086619410,0,2
0:21:39,0:23:21,7,18,,-3770665123262725016,0,2
0:13:30,0:15:23,7,10,,-3412748247334392579,0,0
0:17:04,0:20:28,7,13,,-2571075695608867305,0,1
0:15:59,0:17:10,7,12,,-621722845321226799,0,2
0:18:10,0:19:09,8,12,,3595607487471435396,0,0
0:20:09,0:21:19,10,13,,-2478471337035562300,0,1
0:16:42,0:17:38,7,12,,-7348560571863694253,0,1
0:16:34,0:17:45,9,12,,-5997689139579025450,0,1
0:14:47,0:16:11,7,9,,-7525167939653067802,0,1
0:16:57,0:18:41,8,17,,-3587711978487111185,0,1
0:50:54,0:53:19,8,19,,-613228046546852037,2,1
0:18:26,0:20:09,9,21,,5341367439830494789,0,0
0:21:02,0:22:41,8,11,,-2271452873314039188,0,0
0:19:10,0:24:13,8,10,,1551733745265354458,0,3
0:20:56,0:22:47,8,15,,5249112117780633306,0,2
0:21:06,0:23:07,8,16,,-8209237018987629846,0,0
0:23:07,0:24:46,8,22,,-801863945287793893,0,1
0:19:29,0:22:29,8,10,,-2499545672523888757,0,2
0:20:11,0:21:29,8,14,,2780077447240060050,0,2
0:22:15,0:24:50,9,15,,-160406752887690058,0,1
0:28:51,0:34:10,8,18,,47295115898161275,0,2
0:33:16,0:34:55,13,29,,1941433689635679374,1,1
0:16:12,0:18:33,7,16,,6290647480293935866,0,2
0:18:00,0:19:42,8,14,,4948331674808768981,0,2
0:37:00,0:38:32,9,19,,2943526394693343846,0,1
0:19:59,0:20:51,7,16,,-1950834223689301531,0,1
0:16:03,0:17:01,8,11,,-2301752782918532694,0,1
0:19:30,0:20:29,7,14,,5729522625776050699,0,1
0:19:07,0:20:04,8,15,,4360813874322552788,0,0
0:14:10,0:15:26,7,16,,6132309697398083807,0,1
0:18:55,0:20:12,7,17,,143740346650425064,0,0
0:26:15,0:27:46,8,14,,-2832829654480338276,1,1
0:17:29,0:19:49,7,16,,6041065958304571389,0,2
0:15:07,0:17:10,7,16,,965127074547767386,0,1
0:23:42,0:24:48,8,13,,-2647524944216842173,0,1
0:24:17,0:27:56,7,13,,4895962858054709011,1,0
0:17:46,0:19:12,9,6,,-7338419423997093661,0,4
0:33:42,0:35:54,8,18,,-2712563722503660365,0,2
0:25:48,0:26:42,10,17,,-3602808214595717336,0,0
0:18:17,0:42:21,8,18,,8684536463833799378,1,2
0:20:07,0:30:52,8,14,,2194649605243286778,1,1
0:17:30,0:19:50,8,11,,-1573715785949782327,0,3
0:16:19,0:17:45,8,15,,-1255200880571261417,0,0
0:16:56,0:19:50,8,12,,-1779917901480951868,0,3
0:27:29,0:28:54,8,21,,3902299094728810306,0,0
0:21:41,0:23:12,8,13,,-2787142380917293455,0,0
0:20:16,0:23:21,10,12,,6490623257011674984,0,1
0:22:03,0:23:02,7,21,,6873304274789381753,0,0
0:37:45,0:39:42,15,30,,-5064730067999950598,1,1
0:17:04,0:18:52,8,11,,-2425083318706557532,0,1
0:23:02,0:24:36,13,14,,2945574388906760947,0,0
0:23:49,0:25:20,15,26,,3791427020827453556,1,0
0:21:15,0:22:14,12,21,,189287836095558730,0,1
0:17:00,0:19:12,8,16,,-4522697223177806462,0,3
0:25:53,0:27:34,7,14,,6608310211939258867,0,0
0:23:25,0:26:46,8,16,,-8238063523502618449,0,1
0:26:37,0:30:50,8,16,,2484792702802344451,0,2
0:17:09,0:18:37,8,20,,-7791294379708821469,0,0
0:22:13,0:44:32,9,30,,6563856073648063652,2,3
0:17:33,0:19:47,8,16,,6606604981908190890,0,3
0:18:57,0:19:50,9,14,,5274474883254867655,0,0
0:21:41,0:23:27,7,17,,7402268693921917468,0,2
0:17:37,0:19:26,8,20,,2311348780363659850,0,0
0:21:51,0:22:48,8,15,,-2813091913824308211,0,2
0:29:56,0:32:31,8,12,,-678647339411030784,0,1
0:22:51,0:36:01,10,14,,-6177388523458271110,1,1
0:25:07,0:26:05,7,11,,-858761451377783589,0,1
0:17:17,0:18:48,8,18,,-2562225282895880708,0,0
0:28:16,0:31:08,9,16,,-1550390210705917258,1,0
0:16:08,0:18:34,8,16,,4315452380500745204,0,1
0:18:51,0:19:53,10,14,,-5578272804439756884,0,0
0:24:44,0:26:52,8,21,,8972915771966245125,1,1
0:25:42,0:28:36,8,20,,-3552813455955433764,1,0
0:17:25,0:21:26,7,10,,-1763463067616004721,0,1
0:22:28,0:24:25,9,17,,2595278048547489323,0,1
0:15:55,0:16:55,8,21,,-1203219081741190311,0,1
0:34:52,0:36:56,25,29,,-5499620468720093124,1,1
0:18:06,0:21:39,8,12,,8017537539499117714,0,1
0:25:53,0:29:13,8,11,,-8303317930231562527,1,1
0:21:39,0:25:20,8,12,,8917623494566958802,0,0
0:22:58,0:23:53,7,18,,-4078500286074472695,0,0
0:26:06,0:28:08,8,13,,8476639034411982759,0,1
0:23:42,0:24:37,12,19,,-4427484269385630837,0,2
0:38:42,0:39:39,18,35,,-3513568068844760500,1,0
0:25:00,0:27:17,8,23,,2458175420066630568,0,1
0:19:12,0:22:22,8,12,,7074439604597348259,0,1
0:26:04,0:28:33,8,21,,3098828521765532282,0,0
0:21:00,0:22:13,8,12,,6292225656754101431,1,2
0:34:30,0:36:33,23,28,,1481595216778409936,1,1
0:14:58,0:16:10,6,16,,2384361615737853269,0,1
0:18:12,0:19:55,7,21,,5681363745243709199,0,2
0:24:08,0:25:07,8,17,,-9130694427417031186,0,2
0:20:40,0:23:50,8,27,,5634233911266033635,0,3
0:19:09,0:21:20,8,22,,-4889915050165156713,0,1
0:13:35,0:15:17,7,11,,522068257332363214,0,1
0:22:41,0:25:45,8,21,,-4205517351060030191,0,1
0:32:33,0:33:59,8,14,,47766797822578739,0,2
0:21:17,0:23:53,9,19,,4861979137461450009,1,0
0:13:06,0:15:23,8,24,,-2650087520895551491,0,1
0:18:46,0:20:26,8,13,,-206694173171328967,0,0
0:22:21,0:25:06,8,19,,-6390922152823022108,0,0
0:21:00,0:23:28,15,22,,-5913327423539806779,0,1
0:19:40,0:21:16,7,14,,-8985908846176548077,0,1
0:25:02,0:26:22,8,17,,-2617386957321948414,0,3
0:16:16,0:20:22,9,16,,-4045229357072454882,0,0
0:18:38,0:19:29,9,16,,275767546057314577,0,0
0:23:21,0:24:46,18,17,,5303950795973941788,0,2
0:31:32,0:32:44,9,17,,3879988751357105266,1,0
0:29:32,0:31:00,7,14,,-2087226199212057103,1,0
0:24:23,0:26:10,8,10,,-3764295553036508428,0,1
0:18:54,0:20:07,8,15,,2094814145915060464,0,4
0:27:43,0:29:32,11,14,,-4725836599434028978,0,2
0:24:09,0:25:44,16,18,,-7882177944627104492,0,3
0:17:34,0:20:43,8,15,,-1524919875093770636,0,1
0:19:41,0:21:27,8,10,,-7795306307308769430,0,0
0:17:02,0:22:24,8,12,,687973027094638552,0,3
0:18:49,0:20:35,8,15,,-4304053644590136268,0,3
0:21:29,0:23:19,8,16,,5452468546054697258,2,2
0:24:22,0:26:29,12,14,,-314912547868691941,1,0
0:14:26,0:17:05,7,11,,-3529956587988918058,0,1
0:35:50,0:37:48,7,9,,6216607400436103440,3,1
0:24:30,0:25:47,8,17,,-6224409739473539779,0,1
0:23:47,0:26:54,11,11,,-65866627938556741,0,1
0:18:54,0:19:49,8,15,,-5283228818971569717,0,1
0:18:34,0:21:54,9,4,,7855068249680592092,0,0
0:22:16,0:23:10,8,22,,4959202450823654176,0,0
0:23:32,0:25:20,8,28,,2995971639885315006,0,0
0:22:10,0:24:32,10,18,,-8486037749691734497,0,1
0:14:05,0:16:39,8,16,,-3297113492486396287,0,0
0:20:03,0:23:03,8,13,,5619772395448406205,0,1
0:25:16,0:27:33,8,14,,-8918342199063151357,0,0
0:18:02,0:19:40,8,16,,-8550239329931638980,0,2
0:20:58,0:21:53,8,15,,-7237570699418633054,0,0
0:24:17,0:25:23,7,21,,6526300879816917763,0,1
0:43:18,0:45:09,7,15,,-5021519380375235953,2,1
0:19:21,0:21:13,8,9,,-5025451186328734371,0,1
0:31:48,0:33:31,8,17,,8872925251145231735,0,1
0:47:30,0:48:38,8,18,,-7085149651837841503,5,0
0:24:03,0:24:55,12,17,,7092519481839734746,0,2
0:23:47,0:26:57,15,21,,23782968061968793,0,1
0:30:03,0:33:15,9,11,,-7045912712327590803,0,0
0:21:37,0:22:28,8,13,,-5451484544548082161,1,0
0:14:11,0:15:52,8,16,,8455197431628784594,0,1
0:21:02,0:23:30,8,15,,9033968665637350083,0,0
0:18:51,0:20:11,8,13,,1433507658483091985,0,3
0:36:26,0:42:28,9,10,,-7344578070267869416,2,0
0:39:25,0:40:23,12,14,,6092721147882655958,3,0
0:22:05,0:23:55,8,15,,-5957669011751472301,0,1
0:17:50,0:19:24,8,17,,2195199621259057597,0,2
0:18:32,0:21:37,8,13,,-3232241802365893781,0,0
0:15:26,0:16:25,8,15,,-1349335093942955142,0,1
0:21:55,0:23:10,8,18,,-5704767384399733471,0,2
0:22:11,0:23:58,9,17,,-5632077773862077311,0,1
0:18:18,0:19:29,7,11,,7739092554908852227,0,0
0:18:30,0:20:13,8,17,,-5172085797135371282,0,0
0:26:54,0:27:49,8,16,,1725110847176548192,0,2
0:22:55,0:26:42,8,19,,-835499295093975091,0,1
0:18:17,0:19:08,8,13,,-1566719900385899210,0,0
0:16:54,0:20:10,8,19,,-5479866409816398586,0,3
0:27:50,0:30:44,8,19,,-4299752470607135290,1,1
0:35:00,0:35:54,8,15,,7680172242146975940,0,0
0:46:46,0:48:36,8,17,,-7014388301118159920,0,1
0:38:20,0:42:27,9,25,,5594343537411908022,0,2
0:15:35,0:16:55,8,21,,-7038795228635835574,0,1
0:27:14,0:30:32,10,13,,5669404083657048187,0,0
0:18:30,0:20:10,8,13,,7164668597313550812,0,1
0:17:04,0:19:24,8,12,,-2931754636495814489,0,2
0:22:52,0:26:07,8,8,,2514697178812894279,0,3
0:29:49,0:32:26,8,16,,6773181749796986831,0,0
0:23:41,0:26:05,8,19,,-1488664749942006192,0,2
0:29:29,0:30:48,8,21,,-5671954586505798474,0,3
0:22:46,0:26:35,19,21,,-95810115755731385,0,2
0:27:12,0:29:03,11,14,,-1768227529980287294,0,0
0:21:28,0:22:59,13,11,,-6437264768191395709,0,1
0:31:11,0:33:02,9,5,,7889586156020562612,0,0
0:17:12,0:18:04,9,10,,7516033448799019680,0,1
0:24:15,0:25:56,8,15,,-5042494740111482203,0,2
0:17:31,0:18:48,7,9,,5089250401434951310,0,1
0:30:47,0:40:35,9,25,,7232420925449631400,3,1
0:14:08,0:16:16,7,9,,5226913927718064198,0,0
0:17:18,0:19:43,8,13,,-6641963917262875076,0,1
0:49:01,0:51:08,9,11,,-5915106788723507540,2,2
0:21:00,0:22:41,6,13,,6390649849000206523,1,1
0:17:24,0:19:29,8,12,,3074529161744360433,0,1
0:28:58,0:32:15,8,15,,1760768161430176410,0,1
0:16:36,0:17:31,8,19,,-3572500479424305632,0,1
0:50:20,0:52:25,9,16,,3693454868409228031,0,0
0:17:50,0:23:21,7,20,,-1559703680915985361,0,1
0:17:12,0:18:51,8,15,,-7361939097783039402,0,1
0:23:19,0:33:28,8,24,,-7685466218178347703,1,1
0:20:34,0:22:00,8,20,,7018908589978148022,0,0
0:19:46,0:22:09,7,17,,3509425824768574536,0,2
0:19:04,0:19:59,8,15,,-5832398513115293916,0,2
0:28:26,0:29:20,8,14,,-420045817611306745,0,0
0:37:17,0:39:45,7,15,,4341638702817323731,0,0
0:21:49,0:23:18,7,13,,-4526013514001591259,1,1
0:17:11,0:19:19,8,14,,-8376470558679329332,0,1
0:20:21,0:22:09,9,15,,8852225288323858582,0,3
0:16:36,0:19:52,8,17,,2507132045413183679,0,0
0:18:34,0:20:26,8,15,,8817960940264108701,0,1
0:18:40,0:20:52,8,16,,2822494566032023342,0,2
0:25:36,0:27:08,8,18,,1506054660463659421,2,0
0:22:31,0:23:28,9,19,,4236958222850198749,1,0
0:30:56,0:31:52,9,12,,3537082349205386728,1,2
0:21:05,0:23:19,8,18,,6428597309056135667,0,5
0:18:07,0:20:27,7,13,,3740668509938417659,0,3
0:17:42,0:19:59,7,13,,1567052819901004598,0,2
0:29:29,0:31:50,8,13,,-7828305805610349206,0,1
0:23:04,0:27:10,8,21,,133187364117530202,0,0
0:25:26,0:27:13,8,18,,-6020731908223788975,0,1
0:23:52,0:26:03,8,15,,6024826205014850762,0,0
0:48:46,0:54:30,18,41,,3480497118625452903,1,2
0:22:25,0:24:12,8,18,,1879005463967394966,0,3
0:19:31,0:21:53,8,12,,-3311607974625525185,0,1
0:21:18,0:22:55,9,13,,-3966659645285308353,0,2
0:17:26,0:19:05,7,14,,8094674364290453466,0,2
0:24:43,0:26:13,8,18,,-7920283378639397220,0,1
0:23:34,0:26:08,8,16,,-9086995663075389383,0,1
0:21:19,0:23:25,8,10,,-6509824063026989951,0,1
0:22:42,0:38:50,8,16,,5807578134431476974,1,2
0:24:07,0:25:28,8,13,,-6799578629832164193,0,0
0:22:57,0:25:57,8,14,,-9127105550650030226,0,1
0:30:14,0:32:39,11,15,,-1180946986729891157,0,2
0:22:43,0:35:18,8,13,,2399802546790041189,1,0
0:19:20,0:20:14,8,20,,-4048906467864481181,0,0
0:31:05,0:33:02,8,15,,8098714718484989328,0,2
0:23:04,0:23:56,8,18,,-4077742971304379026,0,2
0:22:50,0:23:48,13,13,,3007861153617219517,0,2
0:22:49,0:24:45,10,8,,-5640412178381740145,0,2
0:24:57,0:27:23,8,15,,1619517712922411829,1,0
0:23:57,0:26:01,8,16,,498908861234374936,0,1
0:23:02,0:24:45,8,17,,8238861043079512956,0,0
0:13:47,0:24:49,8,17,,3783817176701270787,1,1
0:16:10,0:17:08,8,18,,746123594907729813,0,1
0:39:45,0:41:04,16,29,,-4502147587976950048,1,1
0:18:01,0:19:00,8,17,,-367206997493109568,1,1
0:23:52,0:27:15,8,20,,-7155833571951580301,0,1
0:18:53,0:21:10,8,12,,-5574607551631446261,0,2
0:28:20,0:29:58,12,19,,-5056920363402646424,0,0
0:35:55,0:41:43,8,17,,6410489069490084221,0,2
0:26:52,0:40:23,9,14,,7417684287254664113,1,3
0:25:03,0:26:00,7,11,,2908491960473761579,0,1
0:27:03,0:29:49,7,19,,931900469222263754,2,1
0:20:22,0:22:52,8,15,,-6122263400523943708,0,1
0:21:01,0:22:31,7,17,,4951789859968447972,0,1
0:20:06,0:22:29,8,18,,7346433754629035453,0,0
0:16:50,0:18:38,7,17,,-4690449433282748104,0,1
0:25:51,0:27:06,7,25,,757510172922585592,0,0
0:15:57,0:18:07,8,15,,179173476124424693,0,1
0:22:51,0:24:51,8,12,,8631737444799872489,0,0
0:19:33,0:21:44,7,15,,-7899806392837938541,0,0
0:22:32,0:24:13,7,18,,-1751878533420411619,0,0
0:16:42,0:18:25,8,20,,-2423921702254241019,0,3
0:18:05,0:19:22,8,12,,8009660800348712757,0,0
0:18:16,0:19:06,9,16,,-7473716047788382979,0,0
0:18:54,0:24:08,8,19,,9139510844391396399,0,2
0:25:41,0:27:17,14,13,,6185807177601981707,0,0
0:26:52,0:27:49,8,20,,-9056888004373086749,0,0
0:22:21,0:25:06,8,15,,3644532982188907162,0,0
0:22:22,0:23:52,8,18,,-5899587930263277520,0,1
0:26:31,0:28:11,8,23,,-6111948242078327620,1,2
0:27:11,0:28:36,8,16,,8086095328032121899,0,1
0:28:54,0:31:58,8,20,,850609195144950971,0,0
0:22:29,0:25:54,7,23,,-4084516783605113483,0,1
0:37:54,0:41:01,8,17,,-2391680183598513962,1,1
0:19:11,0:21:32,8,19,,-2412928915492758445,0,1
0:22:25,0:24:20,8,13,,6554407069126676519,0,3
0:25:45,0:28:20,8,14,,2004274941785114659,0,1
0:25:10,0:26:56,8,15,,5181504542730549001,0,1
0:34:04,0:35:50,9,16,,-3332328350643281145,1,2
0:51:27,0:52:49,16,33,,4806477467251713685,3,0
0:29:41,0:30:38,8,17,,606891280571360169,0,3
0:15:27,0:17:12,8,11,,2329524662271248930,0,1
0:29:12,0:31:37,13,16,,-683614253875020471,0,2
0:20:09,0:30:00,8,12,,-4247719668165012981,1,1
0:23:30,0:31:21,8,14,,-9034470836310024900,2,0
0:21:25,0:22:58,8,16,,6991647169416651144,0,0
0:19:01,0:20:54,8,24,,4582818911263402767,0,1
0:24:21,0:27:06,8,10,,1875681181258764061,0,1
0:22:36,0:23:45,11,24,,2593414048561494266,0,2
0:28:11,0:31:13,8,16,,-7692120114250926868,0,3
0:24:49,0:28:07,7,15,,6842322515980221553,0,0
0:20:46,0:22:27,10,10,,5467195895157376775,1,2
0:23:16,0:26:16,16,17,,-3503369195235110548,0,3
0:16:59,0:18:48,8,10,,3902928518692047664,0,1
0:36:34,0:38:26,15,28,,697908742835796898,1,2
0:21:25,0:23:28,9,21,,-3562711458346008216,0,1
0:18:25,0:19:50,8,17,,-523908685618168552,0,1
0:18:39,0:20:18,12,18,,-5022076098059456485,0,2
0:28:00,0:29:41,8,22,,-1519391214837255552,0,4
0:19:40,0:23:05,7,9,,-1902541120124285137,2,2
0:17:53,0:21:04,8,20,,4266708364001587915,0,2
0:13:51,0:18:41,8,14,,-7623601485943139462,0,1
0:16:25,0:23:22,8,10,,6399135064653195464,0,1
0:25:07,0:27:26,8,19,,-3834439460999130806,1,1
0:22:19,0:23:20,8,22,,6614331011613426580,1,4
0:24:47,0:26:53,9,21,,-4009071825041174891,0,3
0:19:45,0:22:50,8,21,,3738086114271110247,0,2
0:15:11,0:16:05,8,16,,-3155419023347800710,0,3
0:22:28,0:23:27,11,23,,-3270701132210099100,0,0
0:24:58,0:28:29,8,13,,-4975868514688114021,0,0
0:23:04,0:25:36,8,10,,7172607844370698173,0,1
0:19:39,0:21:21,8,16,,5890756901563481144,0,0
0:25:48,0:27:50,8,15,,-6349537952244818503,0,1
0:17:14,0:20:03,10,9,,3882909817353808336,0,0
0:25:21,0:27:31,7,20,,-8619664010963934822,1,2
0:16:53,0:18:32,7,16,,8304526291168688743,0,1
0:24:32,0:28:42,9,23,,7784389942753312842,0,0
0:20:11,0:22:05,8,16,,1016921514844900087,0,2
0:22:26,0:25:07,8,14,,-3674925395074675964,0,4
0:20:49,0:23:03,12,12,,-1110187785475230981,0,0
0:17:26,0:19:27,8,19,,8261239638101842727,0,2
0:25:00,0:39:09,14,27,,8729232867229356008,1,1
0:18:44,0:20:50,8,17,,-3241415586421160662,0,0
0:25:49,0:27:18,8,15,,8346156128208817389,1,1
0:27:12,0:28:55,8,21,,2718324694387403500,0,0
0:29:11,0:31:51,8,16,,-1236192028675924873,0,0
0:30:47,0:43:01,10,18,,-6522333023759368991,0,2
0:19:30,0:22:13,8,14,,-4363434356843315044,0,2
0:20:00,0:22:38,7,11,,-7361331401303873513,0,0
0:18:07,0:19:47,8,14,,-4199124428508229191,0,0
0:17:11,0:20:55,8,12,,2894161582561916849,0,4
0:21:03,0:21:54,8,15,,8871464763719744624,0,1
0:27:51,0:38:21,11,15,,-4971920492510978433,1,1
0:24:44,0:27:10,9,11,,-7069135537483232618,0,1
0:18:31,0:24:23,10,21,,6829548049835546807,0,0
0:20:28,0:22:16,8,15,,-1910021148846487051,0,0
0:48:57,0:50:57,18,29,,-5094440834489723837,2,2
0:16:08,0:17:52,9,4,,1299422103526793304,0,1
0:19:54,0:30:11,8,16,,5319026964990173170,2,0
0:21:35,0:23:50,8,17,,5661434537634330820,0,1
0:21:42,0:23:36,8,16,,-4450829922786203709,0,2
0:22:29,0:23:37,8,15,,8986896142695150862,0,1
0:22:02,0:25:56,12,11,,3189934258749812182,0,2
0:27:05,0:30:08,9,18,,2163439028790471889,0,3
0:27:31,0:28:51,14,17,,8903738725761187898,0,1
0:24:25,0:28:35,10,22,,-6367112610413493429,0,1
0:21:42,0:23:41,8,12,,-6376853458302409512,0,2
0:20:39,0:22:11,8,15,,-7154094831094139325,0,0
0:51:01,0:52:33,8,13,,-5066982231519568898,0,4
0:20:09,0:22:30,12,21,,7612467861855352483,0,2
0:24:06,0:25:09,8,17,,2592464040190136251,0,1
0:19:16,0:21:12,8,24,,-8001950836292942754,0,2
0:24:34,0:25:32,14,12,,5146937076143633937,0,1
0:22:38,0:24:26,15,15,,-8737076515670530520,0,0
0:21:11,0:24:17,7,14,,-1348848231599037700,0,2
0:32:32,0:34:30,13,10,,7844365756047574409,1,0
0:43:18,0:45:49,17,13,,-1714835949796028534,1,1
0:49:51,0:51:43,21,29,,-5903702297020018863,3,0
0:18:13,0:19:24,7,22,,6295714438547115282,0,0
0:20:06,0:22:01,11,27,,-6493197523273926346,0,1
0:23:27,0:25:02,7,11,,7667013024898712619,1,2
0:34:20,0:35:55,8,12,,9042429408646052835,2,1
0:32:48,0:34:25,16,18,,-7601609351313435896,1,1
0:24:13,0:25:56,8,16,,-4369453966594128364,0,1
0:22:02,0:23:57,8,13,,-8002525654362412603,0,1
,0:19:41,,,,-7124541437858875542,0,1
0:20:20,0:23:03,7,12,,-8404509468566071106,0,3
0:19:57,0:20:55,8,19,,-6081347124312638218,0,0
0:19:02,0:20:51,7,16,,5009065017658505942,0,2
0:21:17,0:23:07,7,12,,1517842039115159916,2,1
0:21:08,0:22:37,12,16,,4174169132568869557,0,1
0:18:08,0:20:37,9,14,,-9183442125626034163,0,2
0:21:37,0:22:32,7,23,,8879565807327671623,0,1
0:31:00,0:32:29,8,10,,3248448901639251271,0,0
0:39:41,0:41:47,11,18,,3794441710535496342,2,1
0:33:55,0:36:12,15,19,,-605268270757481833,0,1
0:21:59,0:24:57,8,22,,57824314818605587,0,0
0:16:34,0:18:19,8,10,,4836816011477820494,0,1
0:20:24,0:23:04,9,24,,-2101601589655251835,0,1
0:33:30,0:35:08,12,23,,-6465423034828347513,0,0
0:30:01,0:33:20,9,16,,-2980854093792687274,1,4
0:22:33,0:28:06,7,12,,-8966954316016226407,0,1
0:21:42,0:23:01,8,14,,6039501088541608941,0,2
0:19:33,0:22:12,8,16,,6421348060192200202,0,1
0:18:51,0:20:36,8,11,,-8690442008965917642,0,1
0:16:13,0:18:27,8,10,,-8570704766952703685,0,0
0:19:51,0:20:42,9,28,,-8722727055709444908,1,0
0:48:30,0:49:57,10,14,,-543683288603059339,1,0
0:25:00,0:27:32,7,16,,-2680389376950108566,0,2
0:29:20,0:30:31,8,19,,104617180660661386,0,1
0:21:07,0:22:02,8,24,,-7669708216875999331,0,1
0:23:01,0:26:09,8,18,,2364477153475087101,0,0
0:54:04,0:56:07,16,17,,-3012596631625810464,1,3
0:26:02,0:29:31,7,16,,-6424788906969762952,0,0
0:22:20,0:24:40,8,19,,-1465910419622715977,0,2
0:20:14,0:23:39,12,17,,568118259153883183,0,2
0:34:48,0:36:31,8,19,,5848908516927573288,2,1
0:33:16,0:36:27,10,23,,-2061409596099610252,0,1
0:24:47,0:27:00,8,14,,5983300602664026030,0,1
0:30:20,0:32:04,11,23,,5413269041415602304,0,4
0:20:37,0:22:51,8,9,,-5749799736217034617,0,2
0:24:07,0:27:17,10,22,,558494126049303923,0,0
0:28:53,0:30:08,10,24,,-2703294767020711626,0,1
0:22:58,0:24:28,8,14,,1507217930416850482,0,1
0:23:38,0:26:45,8,26,,7482371557385072497,0,1
0:19:20,0:21:17,8,14,,3356370107237292346,0,1
0:20:22,0:24:29,8,18,,8326043137915843237,0,1
0:20:34,0:23:42,8,18,,-8923360891697267540,0,0
0:39:34,0:45:23,20,38,,-8275181568380777448,2,3
0:34:48,0:37:40,9,21,,-838413492780510530,2,1
0:32:34,0:35:07,8,14,,-5312481255294876099,0,1
0:15:50,0:17:20,7,12,,570271035325266640,0,2
0:21:23,0:23:06,8,11,,7352685370606672903,0,1
0:21:16,0:22:59,9,24,,5433721895149263949,0,0
0:21:01,0:22:53,9,18,,-2926032912675407306,0,1
0:17:15,0:19:11,8,13,,3095296560088100148,0,1
0:33:04,0:34:59,15,32,,-5800698858162638599,2,1
0:14:57,0:16:34,7,11,,1032502513404500829,0,1
0:26:54,0:27:55,8,18,,4223715691321741320,0,1
0:32:20,0:34:29,8,17,,-2782275350340900401,2,3
0:24:31,0:27:00,8,11,,4687328143541633842,0,0
0:21:48,0:24:16,10,19,,7447658484457416660,1,0
0:35:10,0:36:39,8,19,,6553932721594825808,1,2
0:16:24,0:17:52,7,19,,-6066717662960707388,0,3
0:25:05,0:27:22,8,17,,-7489559279785087802,0,2
0:22:40,0:28:43,7,14,,4041250696531070106,0,4
0:20:14,0:30:57,8,14,,619258065404269685,2,0
0:21:00,0:23:20,7,9,,-6555497647405857706,0,0
0:26:04,0:27:56,11,16,,1973998850729628583,0,0
0:33:17,0:34:57,8,11,,5674482993440752095,1,1
0:21:52,0:23:20,8,11,,7442394297368387489,0,0
0:19:19,0:21:40,8,15,,7207963801045391611,1,1
0:26:49,0:29:32,8,21,,-3816686642991317193,0,3
0:18:25,0:20:06,8,24,,2061801431847100350,0,0
0:25:44,0:27:48,7,16,,-564243714257220884,0,0
0:21:26,0:24:29,14,15,,8840427975341823017,0,1
0:22:50,0:24:53,8,23,,4163813909564886376,0,3
0:21:52,0:22:56,9,15,,-141673473448647957,0,0
0:21:31,0:25:32,10,22,,1213736953885744252,0,1
0:24:38,0:26:33,7,20,,-4261811460690505699,0,2
0:27:19,0:29:33,8,14,,6095078341218886269,0,2
0:21:41,0:25:01,8,20,,6213091025277833781,0,2
0:21:16,0:22:58,8,14,,-5431510121764648986,0,1
0:19:47,0:22:23,24,14,,5368469879826055186,2,0
0:24:18,0:27:20,7,19,,6285006816835463114,1,2
0:36:55,0:38:41,7,9,,1388463022362470567,2,0
0:17:24,0:20:55,8,19,,-9027911182118980137,0,1
0:22:03,0:25:47,12,16,,6843243541022721459,0,2
0:41:37,0:46:06,16,24,,-5865860269082984528,1,3
0:29:44,0:31:52,7,13,,-5139288602608415964,0,1
0:23:29,0:27:18,8,9,,7414587599010313849,0,2
0:23:38,0:25:29,7,15,,4023352624229077788,1,2
0:24:27,0:26:13,8,17,,719318224259082814,0,0
0:16:06,0:18:30,8,9,,-4433278966298402680,0,1
0:29:50,0:32:15,8,17,,-6217675587754462405,1,1
0:24:38,0:25:45,8,10,,1886457883518716695,0,1
0:28:04,0:29:57,8,14,,-7682042419983544151,1,0
0:20:28,0:21:48,9,15,,-8579206993312413346,0,1
0:23:15,0:26:07,9,14,,-6886238155052999492,0,0
0:28:09,0:30:24,7,13,,5218794311032141972,1,1
0:25:49,0:28:18,7,11,,4635998246477950041,1,1
0:23:48,0:25:40,8,9,,-2311833377763335234,0,2
0:18:53,0:21:47,8,21,,-5333097559553048328,0,1
0:26:53,0:28:24,8,31,,-548804485126837358,0,1
0:18:20,0:21:12,8,20,,5819056348186059271,0,1
0:22:35,0:26:20,8,19,,-870111533277166285,1,1
0:17:13,0:20:21,8,15,,-2975564888781924591,0,0
0:18:01,0:20:03,7,13,,6288860350643416894,0,1
0:27:09,0:30:40,15,14,,6847466905469901229,0,1
0:38:48,0:40:20,8,19,,-3136096990830218078,0,0
0:21:49,0:24:25,8,11,,-1823515095677706121,0,0
0:19:20,0:23:40,8,16,,5794257983203258512,0,0
0:23:47,0:26:43,8,16,,2523774289919863257,0,1
0:17:34,0:19:12,9,16,,5600908207159824144,0,0
0:21:39,0:23:03,8,11,,1136609832973708587,0,2
0:29:51,0:32:03,8,12,,1982046749610089063,0,2
0:27:59,0:29:34,12,18,,358728859460230121,0,2
0:28:09,0:29:08,8,13,,-7768481867620627615,2,1
0:21:48,0:23:45,10,14,,3235247295262144578,0,1
0:22:13,0:38:32,7,17,,4203921861718045684,2,1
0:22:19,0:24:55,9,23,,4029739895513755646,0,0
0:20:22,0:34:22,7,9,,3708455961085330058,1,1
0:19:39,0:23:03,8,17,,-7717693096285469263,0,0
0:25:41,0:31:48,8,20,,-3892475491386526001,0,2
,0:23:07,,,,-336089859567911948,0,2
0:18:35,0:20:09,7,14,,2125354260654450116,0,1
0:18:44,0:19:40,8,20,,4565458936853082604,0,0
,0:24:06,,,,6809964920144974337,0,2
0:24:51,0:25:47,14,10,,6986564262129805593,0,1
0:33:35,0:34:53,8,21,,-8103057620572503063,0,1
0:23:19,0:24:35,8,17,,-994263604150964654,0,0
0:23:29,0:25:52,8,15,,-3474997061248281943,0,2
,0:21:21,,,,8223309369379528696,0,2
0:43:31,0:48:40,9,13,,-5714223598976183179,1,1
0:25:50,0:28:02,8,15,,-2514480021321089423,0,2
0:31:21,0:34:08,8,35,,1691676262853659225,0,1
0:17:42,0:19:48,8,15,,4438302002153750072,0,0
0:28:01,0:29:54,16,17,,-7644785141328894397,0,2
0:24:10,0:27:08,11,19,,4576064710233691326,0,2
0:29:44,0:31:24,8,22,,2964495149798575110,0,1
0:25:45,0:27:18,8,18,,-2388429946493726436,0,2
,0:26:52,,,,1961703134722339540,0,3
0:26:24,0:30:09,11,14,,1376674635984963136,0,2
0:18:15,0:20:41,8,16,,6727243799479420994,0,3
0:24:04,0:29:37,8,14,,,,
0:37:01,0:38:37,8,10,,-5104841537940883180,0,1
0:41:08,0:42:34,8,20,,5054793615513225891,0,2
0:21:00,0:36:36,8,15,,4172221056003752033,2,1
0:31:31,0:34:54,8,24,,-6644239885311926795,0,3
0:28:55,0:32:11,18,26,,-7134617628480536121,0,1
0:28:21,0:32:47,10,24,,-4442020937912955910,0,0
0:23:16,0:25:01,7,17,,-3030554793028375672,2,1
0:23:48,0:25:19,8,11,,-4863441368668008734,0,2
0:35:34,0:37:19,8,18,,3263278562323612711,2,3
0:21:24,0:24:31,8,21,,-555423325865937929,0,0
0:22:33,0:24:14,8,15,,1876968169690065286,1,0
0:27:52,0:29:15,8,22,,7985983935830748487,1,3
0:23:41,0:25:59,8,13,,3182285484505789370,0,2
0:17:09,0:18:37,7,14,,-9133711719778717679,0,4
0:18:48,0:20:17,8,16,,-60067889321086030,0,0
0:21:51,0:24:29,7,13,,6272221435889337424,0,0
0:23:31,0:26:07,7,19,,-1006870886200027115,0,0
0:19:22,0:22:39,11,15,,6438327582410751845,0,2
0:21:33,0:23:26,8,16,,7584746453926768777,0,2
0:21:54,0:25:33,7,14,,9084386080261607578,0,1
0:17:53,0:55:22,9,21,,5745376281391226920,1,0
0:28:36,0:30:47,8,19,,4315227647792056494,0,0
0:34:38,0:36:49,8,20,,-8841072966229421095,0,1
0:35:36,0:55:53,8,13,,7982096278862775890,2,1
0:22:05,0:24:12,8,20,,-4359092780004279580,0,1
0:23:45,0:40:15,8,14,,-1000951075880972861,1,0
0:28:16,0:31:28,12,15,,8450297913146360474,0,3
0:31:06,0:34:53,7,16,,7240568500316850364,0,2
0:27:12,0:30:00,8,12,,736956908848567692,1,2
0:25:02,0:26:41,7,8,,-1890737882550349508,0,1
,0:27:24,,,,7409673473685075352,0,0
0:23:03,0:36:26,8,12,,5851761832320915421,1,1
0:21:03,0:24:22,8,13,,1360351919420633187,0,2
,0:23:06,,,,4388269952323074112,0,0
0:29:56,0:31:40,8,25,,8387231912224876309,2,1
0:38:50,0:41:04,8,17,,6696463035182878667,0,2
0:25:11,0:27:03,7,18,,-4871620912500891627,0,2
0:22:30,0:24:50,10,17,,-6698180583415063063,1,0
0:24:18,0:25:14,14,17,,954337086240117397,1,1
0:27:18,0:29:34,8,18,,5103049614234067336,0,0
0:21:17,0:22:58,9,16,,9101723032012153824,0,0
0:35:21,0:37:12,9,11,,-6785980375138752106,1,1
0:45:44,0:48:50,8,22,,-1103356687333857505,1,0
0:23:50,0:25:55,8,14,,-4174041833783746655,0,1
0:35:43,0:37:40,9,17,,3201993132889822150,0,1
0:19:55,0:21:59,7,17,,1520589344181329703,0,1
0:17:50,0:21:33,8,16,,1143864666164301496,0,1
0:19:42,0:21:21,8,13,,-399418946161690749,0,0
0:20:24,0:21:49,8,12,,4422293349216429815,0,1
0:29:29,0:32:14,7,22,,-3235097551159116745,0,0
0:22:20,0:24:20,8,18,,-1585310401735962227,0,1
0:23:31,0:25:51,8,10,,6862526971705624914,0,4
0:22:00,0:23:55,8,17,,-5725783970717801638,0,3
0:28:06,0:31:00,24,17,,-2076607109330104441,0,1
0:33:23,0:34:31,9,12,,5912934106659270661,1,0
0:27:18,0:30:26,8,19,,664961107456468487,0,5
0:21:11,0:22:38,8,16,,6358442483227183255,0,1
0:34:18,0:38:43,16,15,,-2042056992064980009,1,0
0:21:00,0:23:00,8,18,,1239718932900774553,0,1
0:26:10,0:27:55,7,14,,2120641990816422747,1,1
0:24:14,0:25:15,8,13,,630408162392661683,0,3
0:27:17,0:47:37,8,14,,-6441698572537956825,1,2
0:25:15,0:41:25,9,5,,776339892884944079,2,0
0:28:42,0:33:40,8,15,,-7901581068220727822,1,1
0:21:59,0:23:35,12,12,,2176164426447196714,0,3
0:27:49,0:29:33,7,15,,8940835530963421513,0,2
0:17:03,0:25:51,8,17,,2155249284665063463,0,1
0:22:10,0:24:00,8,14,,3440385730356437439,0,0
0:24:11,0:26:25,7,10,,-2363234357134118374,1,2
0:23:01,0:48:08,8,24,,-5355278798543503465,1,1
0:19:14,0:21:37,14,17,,2041681558498964312,0,1
0:23:01,0:26:47,7,16,,1321762756449234116,0,0
0:26:37,0:27:50,8,16,,-4615299940498180163,0,1
0:18:25,0:19:43,9,14,,6255523568021209817,0,2
0:23:46,0:27:10,8,14,,5747795110856825979,1,1
0:14:45,0:18:25,8,17,,3742149603176127905,0,0
0:27:24,0:29:27,8,17,,8051994426599284299,0,1
0:28:22,0:29:34,8,11,,-5302742716522210256,0,1
0:22:50,0:27:04,9,11,,8005599989756584004,0,2
0:29:39,0:30:58,7,15,,7534645348165259492,0,1
0:23:17,0:40:12,8,14,,2590171858313602216,2,0
0:23:18,0:24:46,8,19,,5224436572230289261,0,1
0:18:57,0:35:30,13,12,,3172138604375398162,1,1
0:35:26,0:37:12,7,13,,-6395342545466148754,0,0
0:34:19,0:38:22,12,18,,-7111814019222895442,0,1
0:24:03,0:26:06,8,11,,-4035709111350601322,0,0
0:28:56,0:30:31,7,24,,-1387253396210133988,1,2
0:32:36,0:33:49,7,23,,-2144704243940971716,0,0
0:17:53,0:19:35,8,13,,-9016106254956136244,0,2
0:31:55,0:33:53,8,12,,5899094477051214965,0,1
0:22:00,0:24:26,8,13,,853495856053934192,0,1
0:21:13,0:25:13,8,19,,1287054468983015443,0,0
0:21:08,0:22:49,7,11,,-1425197091848193414,0,0
0:26:37,0:29:00,8,20,,-8070740840902224479,0,1
0:19:12,0:20:30,8,12,,-4800915554663347258,0,0
0:20:19,0:21:19,8,13,,7751196469425508071,0,1
0:18:35,0:21:03,7,15,,7313388462647618854,0,0
0:24:39,0:26:41,8,16,,4394093176525630404,0,0
0:13:02,0:15:00,8,17,,4828457600547144717,0,0
0:23:21,0:27:11,7,14,,-5684146179384782753,0,3
0:18:20,0:22:05,8,15,,-8244175519147809422,0,3
0:22:40,0:24:15,7,25,,4688297971140195565,0,2
0:18:04,0:19:50,7,16,,7485864313407426604,0,2
0:17:00,0:18:49,7,13,,8017374807414249899,0,1
0:30:32,0:32:38,9,14,,6500289502668176160,1,2
0:20:15,0:23:18,12,9,,4242937440673940300,0,1
0:24:54,0:27:46,8,18,,4295323710393211003,2,2
0:28:43,0:31:47,7,11,,-2322303483851144516,0,1
0:23:16,0:24:46,8,14,,9149364377815658087,1,4
0:20:06,0:35:15,8,16,,-4715348467757886023,1,0
0:19:44,0:22:55,7,19,,-2953385861380823068,0,2
0:15:59,0:18:26,8,16,,160631493548185145,0,1
0:19:24,0:23:08,7,13,,-5438612026590852395,0,3
0:18:57,0:21:40,8,11,,7133877898773811416,0,1
0:26:51,0:30:22,7,16,,-4697771588306154917,0,1
0:26:15,0:31:38,8,16,,7239308113363818921,0,1
0:30:04,0:32:49,9,25,,7633460173580092638,0,1
0:21:44,0:24:13,8,12,,42375408600067159,0,1
0:30:53,0:33:57,8,10,,-4934552816845962555,1,1
0:19:48,0:21:46,8,10,,3041972168997044021,1,1
0:26:08,0:27:13,7,19,,2858234566362184488,0,2
0:21:55,0:23:18,7,13,,7632866924793993353,0,2
0:25:18,0:27:34,16,13,,-8653877822690746202,0,3
0:23:52,0:26:25,14,11,,7773721620452556470,0,2
0:11:55,0:14:54,7,10,,-4389021470826484645,0,1
0:52:18,0:55:12,16,19,,6937317805212222780,2,1
0:39:53,0:41:29,7,16,,8390632518167872163,0,2
0:19:16,0:20:31,7,26,,6035938483831968428,0,1
0:20:15,0:21:37,8,21,,-604406085994188603,0,2
0:21:05,0:22:17,8,14,,-8901003639199792099,0,2
0:19:09,0:21:21,8,15,,-5871373149910487351,0,1
0:19:04,0:21:24,8,20,,-5777891517441458749,0,0
0:18:56,0:19:47,8,14,,-9049728807925099292,0,0
0:23:11,0:24:14,8,13,,1997401674547393090,0,3
0:23:14,0:25:53,8,21,,6927793781291161682,1,0
0:24:56,0:27:20,9,14,,4911512498480293232,1,1
0:30:42,0:32:37,17,11,,-758585063787338327,0,0
0:17:48,0:19:30,8,12,,-5340845114108515243,0,3
0:29:49,0:31:26,8,19,,-3654582203538053711,0,2
0:20:28,0:22:53,7,17,,-5324239833441560604,0,2
0:18:12,0:24:39,7,14,,5873052607161322573,0,1
0:35:01,0:36:39,8,13,,-1179347287237048172,0,0
0:22:24,0:24:14,7,20,,7190967445780614943,1,1
0:22:35,0:24:42,8,24,,-4776801732287339348,0,1
0:19:21,0:23:09,8,18,,6872433863430745162,0,2
0:51:15,0:53:17,9,11,,8700191713383485429,0,4
0:17:11,0:19:47,8,13,,2610967387961805909,0,2
0:23:56,0:27:17,7,16,,-1154191931803025034,0,0
0:13:24,0:15:04,6,13,,-162913785459475802,0,4
0:13:16,0:14:11,7,13,,-9188652187752162591,0,1
0:38:15,0:39:09,16,15,,7087976648343184784,1,2
0:15:30,0:17:37,7,12,,-5095795683472625029,0,1
0:19:05,0:24:44,8,14,,-8169163661225434630,0,2
0:27:10,0:29:32,8,20,,-5276010930564718659,0,2
0:32:54,0:37:42,7,10,,6471978000630664144,0,2
0:26:45,0:30:41,8,12,,5399463611615153926,0,1
0:23:56,0:26:53,8,16,,-173195046672229630,0,1
0:15:45,0:18:56,7,18,,3936065590261827253,0,0
0:24:59,0:27:49,8,13,,-8045820505836171384,0,3
0:22:20,0:24:31,11,13,,-1002289606626075134,0,0
0:27:06,0:28:58,8,11,,1736975605693410507,0,1
0:24:47,0:25:42,10,8,,1822463518747489111,0,1
0:28:05,0:29:43,14,21,,6746308766919346720,0,0
0:21:25,0:24:27,8,9,,5035144189136246642,0,2
0:23:04,0:26:48,8,16,,7236402057676001827,0,0
0:30:59,0:33:31,7,3,,-6251387050101339434,1,2
0:19:40,0:24:20,8,21,,7942350324318425648,0,2
0:17:03,0:18:48,8,15,,8183094499006472496,0,2
0:24:15,0:48:18,8,17,,-6525467629763945103,1,1
0:48:05,0:49:04,9,22,,7366803376285618777,2,1
0:17:04,0:21:12,8,18,,-3512676234409494428,0,1
0:22:39,0:26:25,7,24,,-5225156605135256904,0,0
0:27:07,0:28:52,16,22,,-7737581101291562860,0,0
0:15:58,0:26:54,7,13,,-4394103818616547561,0,0
0:23:40,0:25:39,8,19,,525585110439295590,0,1
0:29:07,0:30:30,9,18,,5850686434417956801,0,2
0:27:52,0:29:58,7,16,,3004861393424481356,1,2
0:32:40,0:34:52,8,16,,-1445255509347135040,0,0-4/0
0:25:57,0:27:53,8,14,,-3755301598007191605,0,1
0:23:37,0:27:04,8,13,,8136429663933084146,0,1
0:28:18,0:30:05,8,14,,348438283997444847,0,1
0:20:57,0:22:31,9,19,,2659710689094572050,0,1
0:17:19,0:20:34,8,18,,6739333618453316589,0,0
0:20:29,0:21:28,8,11,,-160422913812871230,0,2
0:37:08,0:38:46,9,20,,715762572060158119,0,1
0:21:29,0:26:57,12,18,,7633401334168155955,1,0
0:24:10,0:26:31,9,10,,7725436629776509096,1,0
0:23:33,0:27:53,8,19,,-8744657830987632054,0,0
0:27:27,0:29:53,11,22,,-6971601150412233719,2,1
0:16:35,0:20:14,8,12,,4438667718636498041,0,3
0:19:16,0:21:12,7,11,,-7268407639309285513,0,2
0:18:32,0:20:21,8,15,,1252762184850258524,0,0
0:24:58,0:27:01,8,18,,2979667636820089665,0,1
0:26:48,0:28:47,9,15,,-4688147814625837446,0,0
0:25:28,0:29:41,8,19,,-8316573639473130493,0,1
0:42:12,0:43:12,8,18,,14089568334288168,1,2
0:21:10,0:23:06,8,25,,-1750676357072691212,0,2
0:36:34,0:39:01,13,20,,5929077130651166333,1,1
0:28:38,0:31:14,32,17,,-8790482109638156493,0,2
0:21:51,0:23:47,7,16,,8561259837210695750,0,1
0:29:39,0:31:42,12,24,,857221096050044129,2,1
0:24:11,0:25:47,10,17,,-583475837933058745,0,2
0:16:20,0:18:18,7,10,,-7628330301647836045,0,1
0:21:39,0:23:42,8,11,,1436216922838853076,0,1
0:31:17,0:32:38,9,30,,-8868933834585596300,0,1
0:23:50,0:26:54,8,22,,-7772581915542643341,0,1
0:17:49,0:20:36,8,9,,-3591820634765777147,0,1
0:25:40,0:27:35,9,18,,-1423751672013566775,0,3
0:21:43,0:23:56,9,14,,2714414946087838755,0,2
0:31:44,0:34:36,8,19,,-7463124384250944566,0,1
0:25:30,0:28:01,8,14,,6346449673670309926,0,0
0:27:28,0:29:46,8,18,,5323507742521723787,0,1
0:20:46,0:25:18,8,11,,-7794466070766902934,0,1
0:34:20,0:37:52,10,24,,-1546686721981582116,1,0
0:21:35,0:23:45,9,23,,-4892271837311662635,0,1
0:19:48,0:21:23,8,23,,-7231571191056452591,0,2
0:20:38,0:22:18,8,12,,5673729374864909541,0,0
0:20:23,0:23:37,8,13,,3421170535342596820,0,2
0:31:46,0:33:14,8,19,,-4361163298719762990,0,1
0:27:43,0:30:18,8,12,,7064096227899243435,0,2
0:31:08,0:33:36,8,21,,3912575805078600997,1,0
0:20:01,0:21:23,9,21,,-2208391055593196812,0,1
0:34:51,0:36:14,8,14,,-3805109482019112463,1,2
0:27:42,0:31:40,13,22,,-1876104934765651393,1,2
0:23:53,0:26:12,8,21,,-4089340749830112455,0,0
0:30:02,0:33:04,20,14,,1742966779771223473,0,1
0:39:07,0:42:29,14,15,,2350816487134035635,3,0
0:21:25,0:23:14,8,26,,-2309540228644061496,0,1
0:19:37,0:22:51,8,15,,-5580333833601761536,0,2
0:32:09,0:34:21,8,22,,2524333646403504196,0,0
0:24:44,0:36:19,11,5,,2168672508200299854,0,1
0:27:04,0:28:34,8,12,,-7333987091931706593,0,1
0:47:07,0:50:48,18,12,,8272782351777769685,1,3
0:22:35,0:23:45,8,15,,-6363093486035707710,0,1
0:19:20,0:24:10,7,10,,-4974365808594302855,0,0
0:22:17,0:24:01,7,14,,6797029866684730775,0,2
0:15:18,0:24:15,7,23,,7870597197266762091,0,1
0:18:05,0:21:27,8,20,,-2345879711391810875,0,1
0:12:15,0:14:00,7,12,,247017479987649645,0,0
0:21:16,0:23:12,8,14,,-5920633341924244823,1,3
0:38:44,0:43:20,24,10,,7002717976693199672,1,2
0:45:21,0:48:56,16,17,,7439771882209493863,1,1
0:26:15,0:28:11,8,20,,8297611020433512594,0,0
0:22:03,0:23:36,8,21,,8801223938153936809,0,0
0:19:31,0:37:48,8,19,,-4520711813740012181,1,1
0:39:21,0:42:47,8,14,,-3200265287744929194,0,2
0:41:40,0:43:16,8,16,,-6599322427181331290,0,2
0:21:23,0:22:55,14,9,,-1203179333053506227,0,0
0:24:47,0:29:20,8,12,,2218291081459585530,0,1
0:27:15,0:31:40,7,15,,-8915868162234833299,0,1
0:28:25,0:30:31,8,16,,824035331901990798,0,3
0:29:43,0:31:44,10,17,,4988920936933602414,0,0
0:19:51,0:22:07,6,18,,-5714461566107819983,0,2
0:24:23,0:26:49,8,29,,-7790262572056778284,0,1
0:17:29,0:20:24,10,13,,-332598226812791298,0,0
0:20:36,0:23:18,8,17,,161477695088284483,0,3
0:20:14,0:22:41,7,10,,549565366900002707,0,1
0:15:13,0:17:22,9,17,,1415358427870510247,0,3
0:21:15,0:22:53,7,11,,2453514801931511179,0,1
0:43:34,0:46:27,8,22,,-8826824549240705488,0,1
0:21:58,0:23:35,8,16,,-6533703177399940146,0,1
0:19:17,0:22:16,8,14,,7497821976756141252,0,0
0:26:45,0:28:31,8,17,,6442298841430556946,0,2
0:24:22,0:25:57,8,16,,-8129716751645662577,0,1
0:32:53,0:37:09,6,23,,-2933365009265599232,1,2
0:23:39,0:24:38,8,11,,679071330311454982,0,1
0:33:10,0:35:08,7,22,,-3857360385459540414,0,2
0:27:03,0:28:18,8,12,,2005999875195976320,0,1
0:22:51,0:24:59,8,23,,4336358680781366186,0,0
0:19:19,0:20:57,8,11,,-38526506028326536,0,1
0:26:27,0:27:33,8,13,,7535103531827644913,0,0
0:18:07,0:20:53,8,16,,760559451067526620,0,1
0:33:06,0:35:09,28,18,,-8422371548188560841,0,2
0:22:11,0:23:37,8,15,,-6596155631457407964,0,3
0:23:35,0:24:52,8,9,,6038779357572729451,0,0
0:28:18,0:33:17,7,26,,3528553856223449793,0,0
0:27:25,0:31:12,8,13,,757573333314740737,0,0
0:22:17,0:23:50,8,15,,-4571116323456557340,0,2
0:23:24,0:25:36,14,19,,-8570768585032769578,0,0
0:27:45,0:28:46,8,12,,8435479684526311910,0,3
0:23:56,0:27:49,8,12,,3314843545505472397,0,2
0:22:13,0:26:25,7,20,,-46426641482410640,0,2
0:21:36,0:23:02,9,21,,8425861711367630987,0,0
0:26:08,0:27:59,8,17,,8117860922556154454,0,0
0:22:16,0:24:00,8,14,,3124927451047126331,0,0
0:25:03,0:26:02,8,11,,248323480762767219,0,2
0:22:47,0:23:41,7,12,,-779574778966955144,0,2
0:29:24,0:34:23,8,15,,-8860298417148320940,0,1
0:25:48,0:27:18,8,15,,-2648270329460171943,0,1
0:30:43,0:32:40,8,11,,-4572740428342343706,0,1
0:18:48,0:20:25,7,11,,5138126589069719573,0,0
0:18:31,0:20:11,8,15,,-3412931233354764292,0,1
0:15:52,0:20:01,9,12,,3188576245274548742,1,1
0:25:05,0:26:56,8,17,,-1453978291206570920,0,0
0:22:36,0:25:29,8,14,,-1118121626188343368,0,0
0:14:55,0:17:09,6,8,,-7263607177621778943,0,1
0:32:47,0:34:31,9,21,,2605781947803731878,1,3
0:20:57,0:22:27,7,20,,-6509631419326861091,0,0
0:23:39,0:28:37,8,13,,1716826145243942557,0,0
0:15:57,0:18:59,6,15,,-3723393487595896835,0,1
0:27:28,0:28:36,16,14,,3336007167518864069,1,2
0:30:30,0:33:51,8,13,,5838116728829687850,1,1
0:21:16,0:22:38,16,13,,1991245142055466769,1,1
0:20:10,0:21:09,8,15,,577420179541534698,0,1
0:35:14,0:37:08,12,15,,69638805065727197,0,2
0:24:24,0:25:52,8,12,,3733468201069463022,0,1
0:19:36,0:23:20,7,15,,5452280951109547864,0,1
0:17:55,0:22:30,8,16,,90004399289950367,0,0
0:33:16,0:34:33,10,16,,6054284875958940868,0,2
0:17:57,0:19:20,6,14,,-9135538091414585316,0,1
0:18:41,0:19:53,7,10,,6400542803811902276,0,1
0:15:52,0:18:33,8,23,,-2285134383606354462,0,0
0:20:23,0:22:24,8,10,,7314444855126948432,0,0
0:17:16,0:18:58,8,17,,8677955655206645494,0,1
0:22:25,0:24:38,8,15,,662917833222376071,0,1
0:21:23,0:22:49,8,18,,-895289457605449197,0,1
0:20:29,0:22:04,8,13,,5043422144056679097,0,4
0:22:56,0:25:41,8,12,,-6271641736014650334,0,2
0:22:09,0:24:22,8,20,,-7511678398582157571,0,1
0:29:32,0:30:36,8,24,,-7898197906815956107,0,1
0:18:49,0:20:46,8,12,,,1,0
0:25:56,0:27:29,8,16,,,1,2
0:36:54,0:38:17,8,16,,,1,2
0:34:39,0:36:14,10,20,,8782502931609024338,1,2
0:33:21,0:35:10,9,13,,372567873942040537,0,0
0:34:30,0:36:38,8,23,,7803062988211509541,0,0
0:18:06,0:21:10,8,12,,3706700364770316461,0,1
0:19:52,0:22:38,16,19,,5965058143031746003,0,1
0:20:15,0:22:20,8,13,,2180922412141063510,0,1
0:23:23,0:25:40,8,27,,5209816045929633270,0,0
0:22:24,0:24:42,8,12,,-3886985555369930584,0,0
0:26:02,0:27:56,8,13,,-7102402218689325410,2,2
0:25:21,0:28:33,8,16,,6364194880603008331,0,1
0:30:46,0:33:02,8,16,,-7617676042128546055,0,1
0:30:28,0:31:49,8,17,,2864881050092073546,1,2
0:17:11,0:19:23,8,13,,8172713859709867914,0,0
0:17:53,0:22:41,8,14,,-2322911404685905623,0,1
0:24:11,0:26:00,9,27,,7438504483527160683,0,0
0:29:04,0:32:09,7,17,,-7839748995029536157,0,1
0:24:01,0:26:28,8,17,,-8876496097415224938,0,1
0:38:35,0:40:19,8,18,,4534843648489474177,0,0
0:30:54,0:32:31,8,17,,1315569310316852767,0,0
0:19:08,0:23:55,7,11,,7489579042460909203,0,0
0:21:02,0:22:33,16,15,,8212057716631596769,0,0
,X,,,,,X,
0:26:31,0:27:47,8,15,,-8220352626911892207,0,1
0:20:05,0:21:24,8,11,,1457006687891736807,0,0
0:23:07,0:25:22,7,13,,2474934980694983686,0,3
0:32:02,0:35:16,8,11,,7881754329730051311,1,1
0:25:42,0:31:14,8,17,,4203394815168324155,0,2
0:27:22,0:28:52,8,21,,-7825624423128783804,0,2
0:23:25,0:26:13,8,13,,749659632397637915,0,1
0:38:37,0:41:41,8,16,,4826092475387484172,1,1
0:22:35,0:24:43,8,14,,-7917840675906844203,0,2
0:26:17,0:28:10,12,13,,8842943587689631354,1,1
0:20:04,0:21:26,8,22,,647018337178029234,0,1
0:25:50,0:29:51,8,21,,-8159125189766899141,0,1
0:21:38,0:24:34,8,16,,4906533510079292373,0,1
0:27:40,0:29:11,8,21,,5342710641630309617,1,2
0:23:43,0:24:48,8,16,,,2,2
0:25:11,0:31:20,8,12,,,X,
0:19:42,0:21:14,8,21,,-2408186641832389179,0,0
0:24:00,0:29:09,9,16,,-4279985987341107432,0,4
0:40:10,0:42:30,10,17,,-5876048272174985081,0,0
0:22:48,0:24:32,8,15,,5606571996176063729,0,1
,X,,,,,X,
,X,,,,,X,
,X,,,,,X,
,X,,,,,X,
,X,,,,,X,
0:21:29,0:26:01,8,13,,-56441785670397271,0,0
0:20:56,0:24:23,8,13,,-2384045992312892309,0,1
0:32:22,0:33:32,12,28,,1995977598382572211,1,1
0:25:38,0:29:42,8,25,,1583903779350666286,0,1
0:25:32,0:28:56,8,16,,5100493753566509522,0,0
0:21:43,0:22:36,11,17,,-6740729873181287978,0,1
0:26:34,0:55:41,8,22,,-4304060252063984255,3,2
0:33:17,0:35:01,8,15,,9027758031620627511,2,0
0:38:19,0:42:16,8,20,,2452098096076267982,2,1
0:21:03,0:22:38,16,10,,3819945112513223248,0,1
0:23:20,0:24:53,8,21,,-3582982314359008021,0,1
0:28:07,0:30:10,8,20,,3138256998615838864,0,2
0:25:30,0:27:19,8,20,,-858518603284670202,0,4
0:28:14,0:30:27,8,16,,5174979145866213967,0,2
0:44:26,0:46:11,10,13,,-1174008998624043667,1,1
0:18:01,0:18:59,20,18,,-6159125184972765503,0,2
0:23:05,0:25:52,8,18,,5395560468061289987,0,2
0:18:57,0:21:41,10,26,,-6009660831003636858,0,3
0:31:00,0:33:13,8,11,,203134271636438316,1,3
0:24:23,0:25:18,8,15,,-1391428715168133249,1,2
0:24:43,0:27:27,8,14,,4650487643115253046,0,2
0:30:19,0:32:15,16,11,,1755426273574587162,0,1
0:20:05,0:20:57,8,24,,-4563387036429892819,0,0
0:31:35,0:47:20,8,28,,8904028998210105965,2,1
0:19:29,0:21:26,9,19,,-2273807516357631206,0,0
0:32:07,0:59:59,8,19,,7639490913253731687,1,1
0:53:45,0:56:12,8,30,,-2339104433746894392,1,1
0:22:18,0:24:33,9,14,,-5651450997232578692,0,0
0:21:50,0:23:26,13,20,,-1444628597841064699,0,0
0:30:02,0:32:20,8,15,,8587190102142890001,0,2
0:16:18,0:17:07,8,14,,-5877888283606749257,0,1
0:18:01,0:28:14,8,15,,4391184147583044210,0,1
0:30:24,0:32:52,8,14,,9004495707159491613,0,0
0:22:26,0:24:56,8,17,,-1647126653984348277,0,2
0:23:03,0:27:38,8,20,,1169008604800911054,0,0
0:21:51,0:25:28,8,11,,3999709326375021695,0,3
0:16:35,0:18:12,9,15,,-2835596574348249140,0,1
0:37:20,0:40:40,7,14,,-4470630670249633912,1,1
,X,,,,,X,
0:20:55,0:22:26,8,11,,6065928218337046048,0,0
0:26:07,0:27:25,7,20,,-4773239086695755120,0,0
0:20:49,0:22:30,8,17,,4027392692118823595,0,0
0:29:39,0:31:24,13,26,,4633572413452592851,0,1
0:26:38,0:27:33,8,15,,7907126957670507176,0,0
0:20:00,0:22:27,9,19,,-678184796695211454,0,0
0:27:24,0:30:13,8,18,,4453237870440264802,0,1
0:34:22,0:36:12,7,13,,-8185108363924387341,2,0
0:25:21,0:31:00,8,10,,6667621722788835470,0,1
0:22:27,0:24:06,8,11,,-6561240628087786362,0,2
0:26:10,0:27:05,8,12,,-8346266118715303165,0,0
0:42:03,0:43:59,14,10,,2323612323665584436,0,3
0:23:02,0:23:56,8,12,,5102191472634379507,0,1
0:41:58,0:44:16,9,12,,-5282672725150966150,1,1
0:20:42,0:22:00,7,18,,-8694631460685087813,0,2
0:16:18,0:18:18,7,15,,,0,2
0:19:22,0:20:58,12,20,,2119348593493246491,0,2
0:14:51,0:17:00,8,15,,186149475572533535,0,0
0:18:52,0:20:08,9,9,,-1454892939840825194,0,0
0:19:07,0:21:23,8,12,,-1690970938136265921,0,1
0:20:27,0:24:45,16,18,,5212862503335819705,0,2
0:28:26,0:31:35,8,32,,8274354734035538876,0,1
0:23:15,0:24:48,12,16,,2298267738319354888,0,1
0:21:02,0:24:15,8,19,,6346691995509810379,0,0
0:19:43,0:22:18,8,14,,-5846752122796292979,0,2
0:15:47,0:16:59,8,13,,-1418263249200841854,0,1
0:36:23,0:38:08,8,13,,-484384325537547815,0,0
0:18:30,0:20:30,8,14,,2962566214629143617,0,0
0:17:53,0:19:13,8,14,,-5565839213175572165,0,1
0:21:41,0:25:23,8,31,,-3030569641379216330,0,0
0:26:21,0:27:53,8,16,,-4786750847299309448,0,1
0:23:20,0:27:15,8,16,,-8326897483521162588,0,1
0:24:02,0:25:58,8,25,,-8606289634868046550,0,0
0:18:41,0:20:54,8,18,,-4291890827792707088,0,3
0:31:41,0:35:36,8,15,,-1584828233880614271,0,2
0:19:09,0:20:15,8,18,,-533241240115054547,0,3
0:36:43,0:39:38,9,25,,7071666572513090455,0,0
0:22:50,0:25:10,8,17,,-8237321661353518783,0,0
0:23:08,0:25:24,8,21,,-5961846028069830914,0,1
0:22:25,0:23:43,8,14,,-392359167079742483,0,0
0:22:16,0:25:43,8,22,,-1627658595311693381,0,2
0:55:58,0:58:45,8,16,,-7302903489395438933,0,1
0:26:33,0:29:44,8,16,,-3150509181447900263,0,1
0:35:59,0:37:54,8,16,,2120824639832962715,0,0
0:34:59,0:39:07,8,13,,-7690167403499278680,0,0
0:44:51,0:46:49,8,16,,-3627515050969514411,0,1
0:13:40,0:16:50,8,13,,7843118357238161375,0,1
0:28:45,0:29:55,12,16,,8650993981083711938,0,1
0:17:18,0:18:35,8,14,,-8065465975532362598,0,3
0:26:36,0:28:29,8,17,,-1910884464214699574,0,2
0:15:30,0:17:47,7,14,,-5616403357961535823,0,2
0:22:25,0:26:01,8,14,,-1348012116043604430,0,0
0:25:27,0:27:00,8,20,,5578127766966681658,0,1
0:25:58,0:28:15,7,17,,2255785032356608356,0,1
0:23:42,0:28:29,9,13,,-3454539716263979123,0,0
0:21:56,0:23:57,8,15,,-5986867264104442546,0,1
0:15:57,0:18:32,8,10,,6380960172617616446,0,1
0:28:23,0:30:30,8,9,,-1507568914884106046,1,1
0:38:56,0:41:26,16,33,,-4347550147441183616,1,1
0:20:23,0:24:30,9,16,,-2115032454712171297,0,1
0:35:40,0:36:36,9,22,,-2149879464215474002,1,2
0:17:23,0:21:05,7,9,,-776965323978524826,0,0
0:20:34,0:23:17,9,13,,742609137442773029,0,2
0:19:57,0:21:25,7,16,,8058321980925033932,0,3
0:18:05,0:19:40,7,11,,-9056883998985485110,0,1
0:28:12,0:33:25,18,21,,5845379198098658985,2,0
0:21:18,0:22:36,8,16,,5154953436705937543,0,1
0:14:54,0:17:27,7,12,,-4542473699387220979,0,1
0:28:47,0:32:39,8,7,,8953144369386042649,0,1
0:31:01,0:33:36,8,25,,-5482694836390541152,0,0
0:26:36,0:30:44,8,24,,-6706457280912265852,0,0
0:24:29,0:27:12,10,19,,-7266631692624434032,0,0
0:22:58,0:24:29,8,11,,-7979485477950629338,0,1
0:26:19,0:28:32,8,17,,6716454764935801705,0,0
0:25:22,0:28:17,8,23,,2617784075432332153,0,1
0:21:11,0:23:35,8,9,,-7937499414379999906,0,1
0:30:01,0:31:57,8,12,,5245687561283242248,0,1
0:21:22,0:25:33,8,18,,-4806426211999457808,0,3
0:21:30,0:23:05,8,19,,3641116868272657758,0,1
0:23:24,0:25:23,12,17,,7102763568362471067,0,4
0:41:02,0:41:56,16,37,,2866424361463316754,1,0
0:31:54,0:35:04,8,23,,8659821439592192706,0,1
0:28:02,0:28:54,12,15,,-4566300348915703467,1,1
0:20:26,0:23:34,8,12,,491791647239614575,0,2
0:25:44,0:26:57,8,24,,-2674922767710905862,0,0
0:20:24,0:22:18,8,9,,4429368230701383620,0,2
0:33:32,0:35:49,16,20,,-8553451005657404586,0,1
0:15:31,0:18:53,7,11,,-6686140472498492584,1,2
0:26:29,0:27:51,8,17,,-189533124079174949,0,0
0:24:27,0:26:39,8,16,,221605414571098064,0,1
0:21:52,0:23:30,6,18,,1085793451483589633,0,1
0:21:14,0:24:08,8,24,,,0,2
0:35:57,0:37:16,8,10,,-2250878161296237953,0,1
0:28:05,0:30:15,8,15,,6132487376443004620,0,2
0:21:04,0:23:52,7,14,,-5087445373999965509,0,2
0:19:09,0:21:15,10,25,,9022978776168270576,0,3
0:21:44,0:24:54,8,19,,-8598877102963641032,0,2
0:35:57,0:36:49,8,13,,5601685528429999847,0,0
0:20:24,0:21:37,8,16,,-8060105748943394495,0,1
0:19:39,0:23:16,8,16,,-2097937262251837042,0,1
0:21:18,0:23:55,7,11,,-4939568660888580125,0,1
0:20:46,0:22:36,8,11,,-1006768710187307927,0,0
0:24:09,0:26:30,22,14,,8854729297447022447,0,2
0:28:35,0:29:58,8,18,,,0,0
0:19:55,0:26:31,8,21,,364495318033048988,0,2
0:21:24,0:23:01,8,12,,1693925632268675241,0,1
0:42:50,0:44:34,8,21,,-497086742202807892,3,2
0:18:57,0:20:51,8,12,,7851728475439383883,0,2
0:25:40,0:27:31,8,15,,-8411932565755166140,1,3
0:27:12,0:29:28,8,10,,7737960838009455726,0,2
0:27:49,0:29:49,7,19,,-4469435862700875061,0,0
0:22:50,0:24:34,8,14,,6097170854401756051,0,2
0:21:26,0:24:11,8,12,,-351694788143209816,0,1
0:23:32,0:25:58,8,15,,6072681324635520802,0,1
0:23:53,0:33:34,8,16,,-4869933756204345807,0,2
0:23:45,0:25:03,8,12,,2838446841328181266,0,0
0:22:56,0:28:11,8,14,,3903624689492275489,0,2
0:45:26,0:46:40,8,25,,-2438238171655812383,1,1
0:19:00,0:23:29,8,12,,-1049507551763622695,0,1
0:29:37,0:32:19,8,15,,2254967661343422889,0,2
0:25:55,0:29:29,8,11,,4220093707160596382,0,1
0:21:01,0:22:43,8,15,,-5368537065052068360,0,1
0:25:32,0:28:26,8,22,,6664888571035554836,0,0
0:22:20,0:23:54,8,15,,6885780408541855237,0,0
0:23:02,0:28:45,8,15,,-218087989902272160,0,2
0:33:21,0:35:02,8,13,,5169264564642931716,0,1
0:16:20,0:17:23,8,13,,-7007565062875805674,0,2
0:19:25,0:21:57,8,18,,115339002820717128,0,1
0:21:31,0:22:49,14,16,,-7703254929965305647,0,4
0:24:44,0:28:42,8,32,,5404181302243199333,0,2
0:23:53,0:25:40,9,14,,5180686133959871502,0,0
0:26:24,0:28:41,9,9,,-3459343020318485953,0,1
0:43:38,0:46:42,24,48,,6128064865036049845,2,2
0:23:54,0:25:37,8,12,,1539549253844539131,0,0
0:20:33,0:24:06,8,22,,-5627219543263060924,0,1
0:25:13,0:28:30,8,11,,-5529312812018295477,0,2
0:32:26,0:35:15,8,13,,8886018151740527138,0,2
0:23:39,0:26:48,8,24,,-4033505814627880745,1,0
0:34:02,0:38:12,11,15,,-3184867421437810101,2,2
0:23:44,0:25:17,8,14,,-793658972590787854,0,2
0:26:14,0:28:14,8,32,,6449470613521756315,0,1
0:20:44,0:22:46,8,12,,4454316501485552026,0,2
0:40:32,0:42:05,8,16,,-1703844908760724122,1,0
0:18:34,0:20:50,8,10,,1528326064149464533,0,3
0:24:25,0:27:06,8,11,,5262584863427361417,0,1
0:16:08,0:19:54,8,12,,218906939698890986,0,2
0:34:59,0:36:09,8,26,,8355514011072421565,0,2
0:18:50,0:20:03,7,10,,1319711465347054841,0,1
0:17:08,0:18:57,8,15,,-7750545969880223739,0,2
0:18:15,0:19:38,8,16,,-9152684754128200449,0,0
0:29:56,0:31:37,8,27,,1878830007460952405,0,0
0:24:18,0:25:41,8,12,,-3430126311648847061,0,0
0:31:19,0:32:15,8,21,,-2473613411342069160,0,2
0:21:29,0:25:41,8,16,,-8943786817265360354,0,2
0:56:14,0:57:24,11,28,,8478193257222771670,0,0
0:23:22,0:31:37,8,14,,-1231636043207691966,0,0
0:31:38,0:33:42,8,16,,6900091834780726426,0,2
0:31:42,0:33:12,14,15,,616089470431837361,0,1
0:26:00,0:29:03,8,13,,-5762347868082340020,0,0
0:22:28,0:24:27,8,14,,5511305589490197382,0,1
0:36:50,0:39:34,7,12,,-1515212400547138033,0,1
0:25:05,0:28:39,7,13,,4696452183541911909,0,1
0:26:55,0:29:10,8,10,,7328556909409120689,0,0
0:25:02,0:26:09,8,14,,284525104585013157,0,0
0:26:43,0:30:20,8,12,,-5208802276105249286,1,2
0:21:56,0:24:23,8,16,,-5254056364725161726,0,0
0:23:36,0:48:21,8,17,,4198725718221702950,3,0
0:25:24,0:32:33,8,9,,-6301329958255872496,2,1
0:24:16,0:32:26,8,13,,84377610300273285,1,0
0:33:13,0:37:14,16,11,,7097638513850745691,0,2
0:21:28,0:23:36,8,15,,-4622331481810526565,0,2
0:25:41,0:28:42,8,26,,-2054048208364842263,0,1
0:39:56,0:43:00,8,21,,4305950791262082461,1,3
0:29:08,0:30:30,8,14,,-4985450365734551915,0,1
0:25:05,0:27:15,7,22,,-8706967132478220938,0,1
0:16:29,0:18:09,8,16,,-7169360971094260108,0,2
0:36:58,0:40:35,7,23,,3417018851640061943,1,2
0:31:53,0:33:38,21,12,,-3640989171596752297,1,2
0:21:20,0:26:32,8,15,,3286235438310717963,0,2
0:29:57,0:31:17,16,23,,-7098632479887007239,4,2
0:27:23,0:29:00,10,20,,-5482725213233864485,0,1
0:26:12,0:29:08,7,11,,-3067848003923658140,0,1
0:26:06,0:27:45,8,16,,4842628732304745629,0,1
0:34:52,0:36:23,8,13,,-4225609177813782218,0,2
0:26:56,0:28:38,8,15,,-1050699817520909763,0,1
0:19:56,0:22:04,7,16,,-2915279874822468094,0,2
0:29:56,0:35:51,8,16,,2965150118826453184,0,0
0:24:16,0:27:54,8,20,,-1159327837490548290,0,0
0:23:35,0:26:01,12,22,,6520099590334461112,0,5
0:27:29,0:28:48,16,19,,1271730128824777778,1,1
0:44:41,0:46:19,14,20,,-2128258227313791855,1,1
0:23:26,0:25:15,8,15,,7791472403729988260,0,2
0:26:01,0:28:18,8,15,,-7364246730210495764,0,1
0:27:45,0:29:06,8,22,,-673301214466879189,0,2
0:24:31,0:27:16,9,15,,2995735236329802373,0,1
0:22:38,0:24:25,13,16,,8294704646786287333,0,1